fixed acidity,volatile acidity,citric acid,residual sugar,chlorides,free sulfur dioxide,total sulfur dioxide,density,pH,sulphates,alcohol
9.3,0.26,0.3,6.7,0.06,23.0,241.0,0.9905799999999999,3.26,0.34,13.4
6.8,0.24,0.27,10.4,0.043,72.0,123.0,0.98931,3.53,0.34,10.5
5.8,0.34,0.29,5.0,0.036000000000000004,52.0,95.0,0.9911,3.06,0.55,9.5
7.0,0.18,0.36,13.7,0.059000000000000004,51.0,98.0,0.9903,3.03,0.44,11.3
6.6,0.26,0.3,8.5,0.028999999999999998,6.0,181.0,0.9982,3.12,0.55,13.0
6.1,0.32,0.3,1.8,0.055999999999999994,21.0,113.0,0.9903,3.14,0.54,10.1
7.1,0.26,0.26,1.8,0.049,17.0,83.0,0.9939,3.42,0.39,11.5
5.8,0.35,0.36,4.8,0.040999999999999995,8.0,124.0,0.9927,3.11,0.65,9.4
6.2,0.11,0.17,1.7,0.042,36.0,90.0,0.9966,3.02,0.31,9.8
8.4,0.31,0.3,4.3,0.051,35.0,156.0,0.99156,3.0,0.72,9.9
7.3,0.15,0.47,5.4,0.047,16.0,93.0,0.9936200000000001,3.02,0.62,9.1
6.2,0.255,0.29,4.2,0.035,23.0,174.0,0.99498,3.32,0.35,9.7
7.1,0.33,0.28,2.0,0.033,44.0,127.0,0.99792,3.21,0.37,12.8
7.6,0.32,0.26,1.1,0.033,13.0,145.0,0.9911,3.26,0.45,9.1
6.4,0.19,0.2,4.1,0.04,39.0,83.0,0.9916200000000001,3.3,0.52,10.2
8.3,0.14,0.49,5.2,0.043,20.0,97.0,0.9957600000000001,3.23,0.38,9.5
7.3,0.18,0.32,1.7,0.028999999999999998,66.0,221.0,0.99831,3.24,0.48,9.4
7.3,0.16,0.3,1.85,0.054000000000000006,31.0,117.0,0.9957799999999999,3.18,0.51,9.0
8.7,0.25,0.33,8.6,0.042,57.0,142.0,0.9967600000000001,3.19,0.42,9.3
7.1,0.22,0.34,14.4,0.027999999999999997,57.0,94.0,0.9925,3.16,0.7,10.5
6.0,0.28,0.19,8.9,0.053,44.0,122.0,0.9896,3.17,0.76,12.6
5.8,0.26,0.3,7.4,0.040999999999999995,52.0,135.0,0.9965,3.25,0.62,10.6
8.0,0.38,0.39,1.7,0.042,27.0,95.0,0.9915,3.13,0.56,11.0
6.3,0.15,0.28,5.1,0.045,41.0,150.0,0.9982,3.19,0.6,9.3
6.8,0.44,0.28,6.6,0.05,32.0,115.0,0.9932,2.94,0.55,10.8
6.6,0.31,0.32,7.1,0.044000000000000004,18.0,135.0,0.99482,3.25,0.58,10.3
8.4,0.335,0.47,6.2,0.03,64.0,79.0,0.98974,3.32,0.42,9.4
8.5,0.42,0.19,12.4,0.032,16.0,116.0,1.0005,3.2,0.53,9.9
6.0,0.56,0.28,1.3,0.03,44.5,191.0,0.993,3.21,0.5,9.5
7.1,0.36,0.34,8.3,0.047,30.0,90.0,0.9917,2.93,0.35,12.2
6.2,0.2,0.29,2.1,0.028999999999999998,30.0,73.0,0.9919,3.21,0.52,9.8
6.7,0.3,0.33,2.8,0.042,17.0,99.0,0.9956,3.17,0.28,12.5
6.0,0.22,0.27,31.6,0.044000000000000004,44.0,113.0,0.9959600000000001,3.02,0.5,9.5
5.4,0.31,0.3,2.7,0.043,20.0,122.0,0.998,3.12,0.37,8.8
6.1,0.17,0.15,1.4,0.132,67.0,104.0,0.9909,3.24,0.33,9.3
6.6,0.24,0.27,6.1,0.044000000000000004,27.0,136.0,0.9914,2.85,0.76,11.4
6.8,0.36,0.29,16.6,0.038,29.0,112.0,0.998,3.14,0.5,9.3
9.6,0.26,0.29,1.0,0.035,57.0,79.0,0.98906,3.06,0.44,12.6
6.0,0.2,0.27,7.4,0.046,36.0,201.0,0.9978,3.18,0.5,9.4
6.5,0.35,0.28,1.8,0.086,54.0,148.0,0.9970399999999999,3.35,0.25,10.7
6.9,0.815,0.23,7.9,0.055,22.0,97.0,0.9949,3.18,0.35,10.7
5.9,0.13,0.37,4.2,0.045,60.0,154.0,0.9882299999999999,3.18,0.54,9.1
6.3,0.28,0.3,12.2,0.04,34.0,141.0,0.9923799999999999,3.42,0.59,9.1
6.9,0.24,0.38,14.9,0.028999999999999998,59.0,202.0,0.9907600000000001,3.35,0.46,9.3
6.4,0.2,0.3,1.1,0.042,58.0,193.0,0.99056,3.17,0.42,9.0
8.0,0.18,0.34,2.5,0.034,60.0,77.0,0.9976,3.14,0.39,11.4
6.6,0.13,0.31,8.2,0.034,32.0,169.0,0.9989600000000001,3.36,0.59,11.6
5.9,0.26,0.14,1.4,0.037000000000000005,9.0,192.0,0.9947299999999999,3.25,0.38,12.8
7.8,0.23,0.04,2.4,0.057,68.0,131.0,0.9909600000000001,3.36,0.69,10.8
6.4,0.32,0.54,4.6,0.042,31.0,97.0,0.9982,3.27,0.47,11.3
6.3,0.15,0.37,4.3,0.035,22.0,197.0,0.9924,3.23,0.51,13.4
8.2,0.37,0.4,9.3,0.057,17.0,124.0,0.99172,3.14,0.5,10.0
6.0,0.25,0.32,3.3,0.026000000000000002,35.0,150.0,0.99802,2.9,0.47,8.7
8.0,0.2,0.37,15.6,0.05,19.0,233.0,0.99077,3.24,0.4,12.4
8.0,0.32,0.32,3.5,0.047,31.0,196.0,0.9949,3.27,0.46,9.0
7.2,0.32,0.24,3.2,0.048,13.0,140.0,0.9986,3.19,0.53,12.0
7.5,0.31,1.0,0.9,0.045,28.0,153.0,0.9983,3.03,0.47,9.3
6.1,0.27,0.27,1.0,0.039,40.0,170.0,0.9966299999999999,3.13,0.56,8.8
5.2,0.56,0.3,1.2,0.024,49.0,113.0,0.99471,3.38,0.42,9.2
8.2,0.28,0.4,9.1,0.04,11.0,118.0,0.99,2.99,0.36,10.1
5.9,0.34,0.33,14.7,0.045,26.0,202.0,0.99508,3.08,0.46,11.9
6.3,0.22,0.07,16.9,0.071,51.0,183.0,0.9932,3.2,0.51,8.7
7.2,0.29,0.31,14.7,0.05,27.0,164.0,0.99916,3.37,0.38,9.2
6.1,0.35,0.49,12.85,0.048,49.0,214.0,0.9935200000000001,3.22,0.36,9.2
6.5,0.27,0.44,4.6,0.084,22.0,102.0,0.9967,3.27,0.52,9.8
8.1,0.25,0.3,4.4,0.055999999999999994,10.0,136.0,0.9905700000000001,3.11,0.62,9.4
6.9,0.26,0.41,12.8,0.036000000000000004,18.0,95.0,0.9896799999999999,3.64,0.38,11.5
6.2,0.21,0.22,15.6,0.015,26.0,119.0,0.9943,3.17,0.42,8.7
6.2,0.24,0.34,5.7,0.047,52.0,245.0,0.9980700000000001,3.0,0.38,10.8
6.6,0.24,0.29,2.0,0.046,26.0,76.0,0.99587,3.24,0.5,11.1
7.6,0.27,0.31,65.8,0.038,62.0,114.0,1.0006,3.16,0.46,10.2
6.9,0.26,0.27,17.8,0.036000000000000004,39.0,90.0,0.9961,3.15,0.74,11.6
7.4,0.29,0.26,10.4,0.239,31.0,200.0,0.99271,3.08,0.5,9.4
6.2,0.2,0.15,7.2,0.032,61.0,156.0,0.9963,3.14,0.59,11.9
6.6,0.12,0.47,1.2,0.033,25.0,184.0,0.98959,3.32,0.42,9.1
7.0,0.23,0.2,3.2,0.052000000000000005,42.0,116.0,0.98934,3.39,0.57,9.8
7.7,0.24,0.41,8.1,0.092,46.0,169.0,1.0103,3.14,0.42,9.7
7.0,0.22,0.5,9.7,0.038,34.0,151.0,0.998,3.1,0.39,10.1
7.6,0.23,0.26,9.7,0.046,41.0,142.0,0.99092,3.13,0.39,9.8
7.9,0.38,0.33,2.4,0.047,35.0,90.0,0.98987,3.2,0.54,10.0
6.1,0.37,0.15,9.6,0.034,30.0,134.0,0.99924,3.0,0.6,11.1
6.0,0.35,0.17,8.9,0.04,27.0,145.0,0.992,3.06,0.4,11.4
7.0,0.27,0.25,1.2,0.03,6.0,117.0,0.996,3.1,0.38,9.3
6.9,0.18,0.32,11.1,0.048,52.0,114.0,0.992,3.24,0.49,10.5
8.4,0.28,0.32,1.1,0.05,12.0,196.0,0.9979,3.17,0.59,10.1
8.1,0.22,0.24,1.8,0.04,37.0,84.0,0.9983,3.35,0.42,12.066666666666698
5.5,0.14,0.41,8.5,0.04,42.0,92.0,0.9935,3.05,0.51,9.3
7.3,0.33,0.24,10.4,0.036000000000000004,20.0,130.0,0.992,3.01,0.56,11.2
6.4,0.28,0.41,1.7,0.05,34.0,259.0,0.9918600000000001,2.93,0.38,10.0
6.5,0.2,0.25,2.5,0.096,40.0,158.0,0.99155,3.25,0.49,8.6
7.1,0.32,0.29,1.2,0.04,24.0,163.0,0.99365,3.03,0.31,10.8
6.0,0.32,0.22,0.9,0.034,11.0,170.0,0.99595,3.05,0.46,9.8
7.8,0.14,0.47,7.7,0.034,61.0,85.0,0.9964200000000001,3.31,0.59,9.8
5.9,0.2,0.09,3.1,0.049,61.0,135.0,0.99513,3.24,0.48,10.5
6.9,0.2,0.49,1.0,0.022000000000000002,42.0,114.0,0.9898600000000001,3.12,0.5,11.0
6.7,0.36,0.44,1.4,0.040999999999999995,43.0,85.0,0.9932200000000001,2.99,0.59,9.0
6.8,0.16,0.31,1.3,0.047,51.0,113.0,0.9898,3.24,0.44,10.9
5.6,0.21,0.49,1.0,0.035,33.0,145.0,0.99908,3.12,0.57,9.5
7.4,0.26,0.26,15.0,0.057999999999999996,26.0,128.0,0.9982,3.33,0.39,12.3
5.7,0.18,0.25,1.5,0.034,39.0,111.0,0.9983,3.26,0.5,12.2
6.8,0.32,0.28,1.2,0.044000000000000004,47.0,89.0,0.99126,3.44,0.37,9.1
7.3,0.2,0.42,1.3,0.044000000000000004,29.0,124.0,0.9905799999999999,3.1,0.67,8.6
7.9,0.23,0.42,11.2,0.03,35.0,102.0,0.9984,3.56,0.38,8.8
7.6,0.15,0.41,6.1,0.044000000000000004,20.0,122.0,0.995,3.1,0.41,10.3
6.6,0.39,0.26,6.3,0.19699999999999998,38.0,177.0,0.9888899999999999,3.15,0.53,10.4
7.6,0.26,0.26,6.85,0.048,28.0,168.0,0.99021,3.17,0.38,8.8
6.6,0.24,0.67,1.5,0.04,24.0,142.0,0.99098,3.13,0.41,10.9
6.7,0.23,0.28,5.6,0.047,26.0,101.0,0.9943,3.38,0.62,12.7
6.0,0.25,0.2,16.3,0.038,24.0,147.0,0.9952700000000001,2.94,0.52,10.2
7.5,0.12,0.29,1.2,0.046,15.0,81.0,0.99164,3.09,0.58,9.9
5.6,0.26,0.13,4.45,0.037000000000000005,54.0,118.0,0.99397,3.21,0.36,8.8
5.0,0.2,0.58,1.3,0.051,37.0,112.0,0.9953799999999999,3.09,0.48,10.5
7.3,0.16,0.35,1.95,0.066,43.0,87.0,0.991,3.05,0.53,10.8
7.1,0.32,0.35,5.25,0.064,39.0,162.0,0.9986,3.18,0.49,11.9
8.5,0.335,0.14,14.6,0.061,82.0,166.0,0.9914299999999999,3.24,0.36,10.5
6.4,0.11,0.65,3.1,0.04,42.0,81.0,0.9968,3.04,0.47,11.2
6.9,0.26,0.34,1.5,0.044000000000000004,59.0,108.0,0.9952,3.41,0.5,9.2
6.2,0.19,0.44,7.4,0.047,24.0,205.0,0.9925,3.04,0.67,9.8
7.7,0.23,0.31,12.8,0.044000000000000004,35.0,140.0,0.99713,3.19,0.33,10.4
6.9,0.36,0.27,2.4,0.055,59.0,180.0,0.9984,3.14,0.34,12.5
6.4,0.34,0.52,2.7,0.037000000000000005,76.0,187.0,0.9942,3.2,0.53,11.0
6.4,0.35,0.4,6.5,0.037000000000000005,34.0,85.0,0.998,3.03,0.51,9.3
7.0,0.19,0.43,7.5,0.044000000000000004,9.0,145.0,0.9905,2.97,0.46,10.2
6.8,0.23,0.27,3.0,0.042,53.0,186.0,0.9918,3.04,0.57,10.1
5.5,0.33,1.23,9.2,0.04,42.0,119.0,0.99234,2.85,0.49,9.2
6.2,0.32,0.28,12.9,0.028999999999999998,7.0,121.0,0.9935200000000001,3.08,0.52,12.8
7.6,0.29,0.27,6.6,0.037000000000000005,26.0,194.0,0.9929,3.14,0.41,11.1
7.2,0.29,0.53,13.5,0.053,48.0,224.0,0.9898,3.0,0.52,10.6
6.5,0.16,0.49,0.8,0.035,25.0,151.0,0.9964,3.28,0.39,11.2
7.0,0.32,0.36,3.9,0.046,11.0,210.0,0.99592,3.28,0.38,10.8
5.6,0.24,0.3,1.2,0.04,31.0,98.0,0.9928,3.25,0.38,9.4
6.2,0.41,0.34,1.65,0.059000000000000004,62.0,95.0,0.9939,3.38,0.6,10.6
7.9,0.31,0.39,9.5,0.037000000000000005,67.0,114.0,0.99674,3.36,0.54,11.0
5.9,0.18,0.37,4.1,0.048,22.0,104.0,0.9928,3.16,0.4,10.4
5.7,0.21,0.22,3.9,0.048,55.0,189.0,0.9936,3.14,0.52,11.8
7.0,0.29,0.36,1.6,0.051,40.0,189.0,0.9972,3.06,0.54,11.2
9.2,0.22,0.43,9.8,0.061,66.0,163.0,0.9938,3.17,0.42,8.8
6.2,0.25,0.25,4.2,0.05,38.0,145.0,0.99306,3.16,0.42,12.8
7.3,0.16,0.31,4.6,0.033,67.0,152.0,0.9905799999999999,3.03,0.53,10.5
6.6,0.15,0.34,4.55,0.047,41.0,82.0,0.99418,3.37,0.7,11.6
5.5,0.2,0.33,9.5,0.034,54.0,142.0,0.99756,3.23,0.46,11.6
7.0,0.14,0.31,18.15,0.044000000000000004,6.0,125.0,0.99582,3.24,0.32,11.8
8.5,0.33,0.49,1.4,0.040999999999999995,35.0,186.0,1.0002,3.05,0.56,10.0
6.8,0.28,0.31,4.8,0.043,49.0,158.0,0.9932,3.14,0.43,9.0
6.7,0.16,0.34,1.5,0.047,48.0,131.0,0.99408,2.97,0.4,11.4
6.1,0.14,0.34,4.2,0.044000000000000004,37.0,161.0,0.9938799999999999,3.05,0.38,10.9
6.5,0.49,0.21,6.8,0.066,24.0,213.0,0.99564,3.06,0.52,9.0
7.4,0.4,0.32,8.1,0.027999999999999997,22.0,167.0,0.99479,3.36,0.53,12.6
7.1,0.36,0.35,7.8,0.043,29.0,72.0,0.9956,3.23,0.6,9.1
7.5,0.2,0.54,6.8,0.049,29.0,115.0,0.9934,3.41,0.53,10.0
6.5,0.34,0.33,1.4,0.054000000000000006,38.0,140.0,0.9937,3.17,0.59,13.9
6.2,0.24,0.31,9.6,0.034,38.0,190.0,0.99497,3.28,0.59,10.0
5.8,0.29,0.45,2.0,0.057999999999999996,48.0,155.0,0.9984,3.28,0.62,9.3
7.2,0.17,0.32,1.2,0.044000000000000004,32.0,178.0,0.99074,3.05,0.57,11.5
6.6,0.32,0.29,9.1,0.063,38.0,189.0,0.9954200000000001,3.16,0.54,12.8
6.4,0.27,0.24,2.7,0.046,32.0,234.0,0.9927799999999999,3.32,0.4,12.7
5.1,0.16,0.23,1.4,0.047,30.0,183.0,0.9979,3.22,0.43,9.7
7.3,0.21,0.64,8.0,0.055999999999999994,26.0,99.0,0.9908799999999999,3.24,0.42,9.4
6.1,0.25,0.38,10.5,0.034,11.0,116.0,0.9899,3.16,0.41,11.8
7.1,0.36,0.32,2.0,0.045,45.0,188.0,0.9984,3.36,0.54,13.2
8.2,0.29,0.26,1.6,0.03,31.0,79.0,0.99692,3.35,0.29,10.1
7.4,0.41,0.22,9.8,0.025,21.0,110.0,0.9907,3.08,0.46,8.9
6.3,0.38,0.65,8.0,0.028999999999999998,24.0,114.0,0.9961,3.22,0.74,12.6
6.2,0.31,0.28,5.3,0.027000000000000003,27.0,138.0,0.98944,3.05,0.44,11.5
6.3,0.28,0.3,0.9,0.039,18.0,205.0,0.997,3.14,0.4,13.4
7.7,0.43,0.24,10.5,0.03,38.0,111.0,0.9974,2.97,0.37,10.4
6.8,0.3,0.34,13.9,0.057,45.0,128.0,1.0002,3.31,0.59,9.9
8.9,0.28,0.44,7.2,0.044000000000000004,22.0,168.0,0.9895200000000001,3.29,0.49,9.8
6.2,0.21,0.36,1.5,0.037000000000000005,46.0,151.0,0.9986,3.19,0.53,11.4
5.6,0.33,0.31,14.7,0.038,58.0,169.0,0.996,3.21,0.5,12.0
6.8,0.13,0.37,4.4,0.039,27.0,111.0,0.99335,3.22,0.8,12.0
7.0,0.36,0.36,7.9,0.042,35.0,131.0,0.9954,3.26,0.54,9.5
6.7,0.28,0.29,1.2,0.043,48.0,110.0,0.99306,3.35,0.48,10.8
7.1,0.21,0.56,1.3,0.051,56.0,83.0,0.9935799999999999,3.17,0.36,13.6
7.4,0.24,0.33,4.35,0.078,29.0,135.0,0.993,3.34,0.53,12.7
6.4,0.36,0.2,1.1,0.067,12.0,183.0,0.9949,2.98,0.31,12.8
6.5,0.56,0.45,18.15,0.019,38.0,122.0,0.9908899999999999,3.26,0.38,10.1
6.8,0.19,0.34,5.9,0.040999999999999995,25.0,103.0,0.9922,3.24,0.44,8.9
5.1,0.19,0.37,7.5,0.053,60.0,71.0,0.9902700000000001,3.18,0.4,9.4
7.4,0.18,0.37,12.4,0.034,25.0,73.0,0.9912,3.37,0.5,9.5
6.8,0.32,0.24,1.7,0.04,10.0,142.0,0.9937799999999999,3.14,0.53,12.1
7.5,0.2,0.3,12.3,0.043,20.0,187.0,0.9946,3.46,0.51,9.7
6.8,0.22,0.29,9.7,0.047,39.0,154.0,0.9982700000000001,3.23,0.51,9.0
6.0,0.44,0.18,4.2,0.08199999999999999,36.0,133.0,0.99274,2.9,0.46,9.1
6.3,0.23,0.14,7.5,0.036000000000000004,35.0,216.0,0.9912,3.17,0.53,9.6
7.7,0.19,0.26,1.5,0.053,37.0,147.0,0.9940000000000001,3.27,0.42,13.4
7.7,0.29,0.41,14.45,0.055,44.0,104.0,0.9962,2.93,0.51,11.4
6.0,0.29,0.37,7.2,0.032,33.0,135.0,0.9903,3.02,0.46,12.8
8.0,0.4,0.49,1.8,0.047,37.0,149.0,0.99955,2.88,0.35,11.3
6.0,0.27,0.28,1.2,0.038,63.0,164.0,0.99406,3.04,0.75,12.2
8.1,0.17,0.28,1.6,0.04,69.0,87.0,0.9924,3.31,0.38,11.3
6.4,0.25,0.3,1.5,0.037000000000000005,26.0,87.0,0.99935,3.24,0.38,9.5
6.5,0.34,0.14,5.1,0.039,18.0,99.0,0.9905299999999999,3.13,0.39,9.5
7.0,0.15,0.36,1.4,0.062,24.0,168.0,0.9908899999999999,3.22,0.58,9.6
6.1,0.19,0.28,1.4,0.045,26.0,177.0,0.99498,3.12,0.5,10.4
9.9,0.13,0.32,3.9,0.03,15.0,272.0,0.99069,3.13,0.44,11.0
6.6,0.23,0.32,1.5,0.057,24.0,227.0,0.9944,3.6,0.68,11.5
8.3,0.18,0.53,8.2,0.052000000000000005,37.0,138.0,0.9966299999999999,3.09,0.38,9.3
6.6,0.22,0.28,16.6,0.16,29.0,82.0,0.99479,3.55,0.51,12.0
7.4,0.3,0.35,5.1,0.047,10.0,112.0,0.99521,3.51,0.47,12.7
6.3,0.22,0.49,6.2,0.04,32.0,140.0,1.0,3.16,0.52,9.9
6.5,0.19,0.34,2.1,0.031,52.0,216.5,0.98974,3.36,0.76,11.0
6.4,0.39,0.26,1.3,0.046,42.0,155.0,0.9974,3.21,0.48,13.4
7.0,0.22,0.24,1.8,0.049,20.0,152.0,0.9957,3.14,0.49,12.6
6.5,0.26,0.27,2.8,0.045,26.0,109.0,0.99134,3.24,0.37,9.0
6.8,0.28,0.74,4.8,0.05,75.0,144.0,0.9933,3.28,0.49,9.5
5.4,0.18,0.23,1.2,0.032,28.0,122.0,0.99166,3.19,0.36,12.8
5.8,0.16,0.4,7.4,0.055999999999999994,42.0,131.0,0.9957799999999999,3.26,0.54,11.5
6.0,0.27,0.13,5.2,0.055999999999999994,57.0,119.0,0.9936,3.17,0.54,11.4
5.9,0.29,0.47,1.8,0.048,43.0,76.0,1.0017,2.94,0.54,9.5
6.8,0.36,0.27,7.8,0.046,32.0,163.0,0.9968,3.2,0.42,9.1
8.2,0.41,0.16,7.8,0.038,108.0,191.0,0.9984,3.11,0.4,10.0
7.6,0.27,0.41,15.0,0.042,39.0,130.0,0.9910399999999999,3.21,0.56,11.4
7.8,0.18,0.28,5.7,0.045,57.0,124.0,0.99976,3.15,0.47,9.5
5.7,0.27,0.3,6.8,0.037000000000000005,4.0,115.0,0.9914799999999999,3.52,0.46,11.0
6.4,0.41,0.37,1.9,0.04,37.0,149.0,0.99336,3.35,0.45,9.3
6.9,0.37,0.39,2.1,0.043,32.0,171.0,0.99828,3.22,0.6,10.5
6.8,0.25,0.34,16.7,0.027000000000000003,63.0,115.0,0.9906299999999999,2.94,0.45,9.4
7.0,0.28,0.34,16.0,0.03,30.0,134.0,0.99523,3.44,0.42,11.3
7.0,0.28,0.33,10.7,0.046,64.0,99.0,0.9909,3.61,0.36,9.4
8.0,0.19,0.31,2.1,0.034,38.0,124.0,0.9983,3.15,0.34,9.2
7.0,0.3,0.25,1.4,0.03,32.0,111.0,0.9969,3.03,0.54,10.5
6.6,0.23,0.19,5.0,0.301,39.0,116.0,0.99379,3.31,0.53,11.8
6.2,0.18,0.43,1.2,0.038,68.0,127.0,0.99405,3.02,0.34,10.4
6.0,0.35,0.27,7.8,0.036000000000000004,23.0,164.0,0.9971,3.45,0.77,10.8
6.5,0.28,0.36,8.0,0.02,44.0,158.0,0.98954,3.21,0.35,10.2
6.3,0.22,0.26,3.3,0.05,26.0,72.0,0.9940000000000001,3.22,0.5,11.9
7.2,0.51,0.31,12.8,0.062,45.0,182.0,0.9932,3.19,0.39,12.6
6.5,0.22,0.2,3.5,0.023,43.0,95.0,1.0,3.14,0.46,8.9
7.2,0.33,0.29,5.7,0.027999999999999997,48.5,170.0,0.9936,3.05,0.41,9.5
7.7,0.15,0.4,3.4,0.042,36.0,71.0,0.9978,3.1,0.5,11.7
9.8,0.4,0.29,11.45,0.048,49.0,168.0,0.9936,2.98,0.39,9.9
5.8,0.25,0.42,1.4,0.045,39.0,183.0,0.98856,3.11,0.52,12.5
6.2,0.55,0.39,1.2,0.084,55.0,165.0,0.99836,3.51,0.35,10.8
7.2,0.27,0.26,5.9,0.034,17.0,127.0,0.998275,3.27,0.38,9.6
6.0,0.45,0.3,2.7,0.05,12.0,182.0,0.99382,3.02,0.67,10.1
7.4,0.24,0.23,17.35,0.046,15.0,109.0,0.9932,3.2,0.59,10.2
6.4,0.25,0.28,9.1,0.047,36.0,191.0,0.9939,3.26,0.49,10.6
6.4,0.12,0.31,8.8,0.038,33.0,107.0,0.9926,3.41,0.61,10.5
6.1,0.16,0.28,15.6,0.044000000000000004,6.0,120.0,0.99056,3.21,0.35,12.0
7.2,0.38,0.31,11.7,0.036000000000000004,46.0,154.0,0.9925,3.04,0.59,8.9
5.7,0.2,0.17,1.2,0.054000000000000006,24.0,99.0,0.9932,2.89,0.72,9.2
5.6,0.32,0.28,14.3,0.055999999999999994,40.0,90.0,0.993,3.22,0.5,9.1
6.4,0.51,0.35,3.2,0.054000000000000006,48.0,201.0,0.9908399999999999,3.14,0.71,8.9
6.3,0.25,0.32,1.4,0.044000000000000004,36.0,253.0,0.99754,3.13,0.79,9.6
6.8,0.28,0.26,1.4,0.038,40.0,145.0,0.9926,3.52,0.55,10.2
6.0,0.2,0.5,1.45,0.026000000000000002,8.0,163.0,0.9895200000000001,2.98,0.64,11.3
7.6,0.31,0.29,12.0,0.07400000000000001,15.0,181.0,0.99398,3.15,0.38,12.3
6.6,0.35,0.33,13.2,0.055,24.0,73.0,0.9974,3.2,0.38,10.0
7.1,0.38,0.49,4.4,0.05,57.0,230.0,0.9936,3.38,0.36,10.4
6.6,0.44,0.26,7.9,0.039,25.0,119.0,0.99174,3.06,0.42,12.3
6.8,0.23,0.36,5.8,0.038,9.0,133.0,0.98946,3.34,0.38,10.1
6.9,0.19,0.36,4.1,0.045,15.0,136.0,0.9943,3.15,0.65,10.0
7.3,0.35,0.34,6.8,0.057999999999999996,64.0,134.0,0.99911,3.39,0.34,12.7
6.9,0.21,0.21,3.9,0.037000000000000005,34.0,122.0,0.9919,3.15,0.83,9.8
5.4,0.32,0.74,13.4,0.12300000000000001,44.0,105.0,0.98936,3.1,0.63,10.0
7.0,0.25,0.45,15.3,0.053,20.0,115.0,0.99772,3.26,0.44,10.0
6.2,0.13,0.27,1.5,0.040999999999999995,17.0,169.0,0.9912299999999999,3.35,0.57,9.4
7.3,0.3,0.3,11.7,0.048,40.0,124.0,0.99471,3.18,0.39,11.4
6.0,0.24,0.58,6.2,0.042,20.0,169.0,0.9972,3.46,0.44,11.2
6.9,0.25,0.33,18.95,0.057,28.0,122.0,0.9942799999999999,3.25,0.46,10.6
6.1,0.16,0.26,1.1,0.175,45.0,104.0,0.9937,3.05,0.38,10.2
6.7,0.29,0.33,6.6,0.034,48.0,168.0,0.99266,3.26,0.64,9.2
6.9,0.28,0.29,10.8,0.05,53.0,67.0,0.9969,3.3,0.37,12.3
5.4,0.32,0.37,1.1,0.031,20.0,117.0,0.9898,3.06,0.5,9.1
6.9,0.2,0.27,1.0,0.043,34.0,149.0,0.9937600000000001,3.13,0.37,9.8
6.2,0.25,0.16,5.2,0.040999999999999995,82.0,134.0,0.9957799999999999,3.34,0.37,9.0
7.2,0.25,0.28,5.7,0.04,44.0,129.0,0.991,3.03,0.46,12.1
7.1,0.32,0.2,2.0,0.047,14.0,86.0,0.9959,3.18,0.56,10.2
5.8,0.37,0.27,1.2,0.055,52.0,87.0,0.9893149999999999,2.87,0.32,9.4
7.2,0.28,0.47,8.2,0.034,35.0,230.0,0.9934,3.09,0.41,10.0
6.2,0.2,0.36,0.8,0.038,32.0,173.0,0.99666,3.44,0.32,9.6
6.6,0.35,0.28,3.2,0.04,46.0,167.0,0.9974,3.35,0.54,10.1
9.2,0.27,0.33,5.9,0.035,33.0,202.0,0.98918,3.01,0.49,9.4
6.8,0.5,0.32,1.6,0.048,53.0,194.0,0.9972,3.41,0.33,11.3
7.4,0.3,0.18,13.7,0.027999999999999997,24.0,138.0,0.9953,3.26,0.75,10.3
7.8,0.62,0.22,9.3,0.017,50.0,133.0,0.99815,3.02,0.58,9.7
7.0,0.34,0.27,7.0,0.053,49.0,143.0,0.9888600000000001,3.22,0.72,10.1
6.2,0.2,0.32,16.2,0.142,64.0,152.0,0.99018,2.8,0.54,9.2
5.7,0.32,0.34,1.6,0.047,33.0,157.0,0.9926,3.15,0.5,10.6
6.8,0.25,0.36,10.2,0.044000000000000004,65.0,167.0,0.9953,3.09,0.54,12.3
7.0,0.33,0.26,2.7,0.044000000000000004,33.0,104.0,0.9959,3.04,0.5,9.4
7.7,0.33,0.28,5.7,0.037000000000000005,22.0,150.0,0.9979,3.32,0.56,10.8
7.3,0.28,0.31,1.4,0.046,40.0,128.0,0.9979,3.26,0.52,10.5
7.0,0.28,0.25,1.6,0.044000000000000004,10.0,166.0,0.9918299999999999,3.18,0.5,9.4
6.4,0.31,0.34,14.45,0.040999999999999995,60.0,137.0,0.9929,3.2,0.39,9.0
6.9,0.19,0.45,8.45,0.045,21.0,168.0,0.993,3.27,0.37,12.0
6.1,0.43,0.41,13.0,0.037000000000000005,70.0,162.0,0.9923,3.42,0.44,8.9
6.8,0.15,0.3,6.5,0.023,26.0,115.0,0.9942,3.41,0.72,11.1
6.4,0.26,0.2,0.8,0.033,23.0,181.0,0.9952,3.31,0.71,11.5
6.0,0.155,0.26,1.0,0.053,33.0,152.0,0.9966299999999999,3.08,0.41,10.9
6.8,0.25,0.0,1.7,0.09,44.0,100.0,0.9973200000000001,3.07,0.66,10.0
6.9,0.41,0.49,14.6,0.067,26.0,168.0,0.99534,3.27,0.47,12.1
6.4,0.22,0.24,5.6,0.03,47.0,131.0,0.9923,3.34,0.56,9.7
6.7,0.2,0.0,1.7,0.043,51.0,182.0,0.9961,3.25,0.54,11.4
8.2,0.43,0.29,5.1,0.049,42.0,125.0,0.99072,3.19,0.56,9.4
6.9,0.32,0.28,8.1,0.19699999999999998,34.0,110.0,0.9962,3.32,0.44,10.2
5.8,0.22,0.2,6.85,0.044000000000000004,26.0,79.0,0.993,2.93,0.47,9.2
8.6,0.42,0.41,4.6,0.174,36.0,134.0,0.9920200000000001,3.17,0.62,8.7
7.2,0.2,0.33,11.4,0.168,68.0,171.0,0.9943799999999999,2.85,0.27,9.2
6.3,0.22,0.27,2.8,0.045,26.0,110.0,0.99655,3.16,0.64,11.2
7.6,0.25,0.33,2.0,0.04,35.0,70.0,0.99313,3.46,0.45,11.6
6.6,0.17,0.16,2.3,0.048,53.0,124.0,0.99792,3.14,0.54,8.7
6.0,0.27,0.4,12.5,0.046,40.0,151.0,0.99898,2.96,0.52,10.4
5.9,0.38,0.39,6.5,0.040999999999999995,25.0,76.0,0.9923200000000001,3.11,0.47,11.0
6.7,0.19,0.24,1.1,0.04,36.0,117.0,0.9950200000000001,3.14,0.46,9.5
7.4,0.27,0.25,7.1,0.052000000000000005,32.0,146.0,0.9958,3.18,0.56,13.9
7.0,0.25,0.27,9.65,0.04,32.0,102.0,0.9954,3.12,0.39,12.1
6.5,0.24,0.26,1.1,0.03,3.0,189.0,0.9952,3.3,0.68,10.5
7.7,0.34,0.26,1.4,0.055999999999999994,32.0,97.0,0.9934,3.22,0.56,12.4
7.1,0.18,0.33,6.2,0.05,37.0,150.0,0.99824,3.29,0.48,9.0
6.4,0.29,0.25,1.4,0.039,47.0,139.0,0.9911200000000001,3.13,0.66,12.8
7.5,0.3,0.29,1.5,0.037000000000000005,44.0,148.0,0.9932,3.2,0.42,9.2
7.4,0.26,0.22,1.6,0.067,32.0,160.0,0.9899,3.1,0.34,9.5
6.0,0.27,0.19,7.6,0.17300000000000001,47.0,134.0,0.9955,3.24,0.42,12.7
6.7,0.41,0.23,1.3,0.05,26.0,191.0,0.9905,3.17,0.49,12.3
6.9,0.14,0.39,2.7,0.032,25.0,104.0,0.99018,3.38,0.44,9.5
6.9,0.19,0.04,1.6,0.037000000000000005,42.0,116.0,0.9952,3.29,0.36,9.9
7.1,0.41,0.3,0.8,0.026000000000000002,15.0,79.0,0.9922200000000001,3.15,0.66,9.4
6.2,0.29,0.34,13.2,0.066,18.0,217.5,0.9892,3.02,0.54,8.9
7.0,0.12,0.42,2.1,0.051,39.0,57.0,0.99256,3.13,0.78,9.2
7.8,0.25,0.59,1.3,0.038,46.0,157.0,0.9927799999999999,3.02,0.49,9.6
6.6,0.11,0.35,2.5,0.046,69.0,112.0,0.9941,3.19,0.41,11.9
5.3,0.21,0.37,1.5,0.040999999999999995,17.0,101.0,0.9945200000000001,2.9,0.36,10.4
8.4,0.22,0.56,2.4,0.04,57.0,144.0,0.9932,3.27,0.56,10.5
8.3,0.38,0.35,4.25,0.03,14.0,173.0,0.99654,3.13,0.43,8.8
6.6,0.32,0.34,19.45,0.04,14.0,37.0,0.9905799999999999,3.42,0.45,9.1
7.5,0.2,0.34,1.6,0.048,49.0,126.0,0.9986,3.32,0.39,12.0
7.0,0.32,0.14,1.7,0.036000000000000004,15.0,197.0,0.9952,3.2,0.38,9.1
7.0,0.31,0.39,2.1,0.031,36.0,190.0,0.99946,3.25,0.3,12.0
6.9,0.21,0.33,13.7,0.037000000000000005,62.0,215.0,0.9929899999999999,3.14,0.44,9.3
6.7,0.16,0.49,2.3,0.034,49.0,134.0,0.99265,3.28,0.45,10.8
7.0,0.26,0.07,8.6,0.027999999999999997,17.0,169.0,0.9976,3.15,0.49,9.0
7.2,0.2,0.32,12.2,0.036000000000000004,33.0,132.0,0.99035,3.16,0.4,9.5
6.6,0.16,0.33,4.2,0.063,52.0,171.0,0.99206,3.32,0.49,10.0
6.3,0.37,0.34,1.3,0.038,47.0,148.0,0.9932,3.28,0.6,9.9
6.0,0.18,0.46,1.2,0.045,43.0,155.0,0.9999,3.1,0.36,9.9
6.8,0.26,0.25,7.4,0.037000000000000005,55.0,182.0,0.99865,3.14,0.5,9.4
7.0,0.22,0.58,10.4,0.045,15.0,145.0,0.99425,3.1,0.32,9.8
7.2,0.145,0.33,11.9,0.049,74.0,197.0,0.9912,3.21,0.64,9.2
6.0,0.24,0.3,9.1,0.040999999999999995,37.0,122.0,0.9956799999999999,3.3,0.47,10.5
6.7,0.18,0.36,13.1,0.024,42.0,167.0,0.9975,3.48,0.45,11.1
6.0,0.35,0.44,7.0,0.048,53.0,175.0,0.9934,3.21,0.48,10.5
6.2,0.32,0.64,1.0,0.042,55.0,103.0,0.9941399999999999,3.18,0.46,9.5
6.1,0.33,0.38,14.6,0.026000000000000002,13.0,93.0,0.9924,3.27,0.67,9.5
6.2,0.21,0.25,6.7,0.039,37.0,107.0,0.9929600000000001,3.24,0.37,8.9
6.9,0.39,0.73,1.2,0.042,25.0,152.0,0.9930200000000001,3.17,0.4,10.9
6.5,0.17,0.33,8.1,0.039,60.0,125.0,0.9936,3.15,0.52,10.3
6.9,0.17,0.34,13.6,0.040999999999999995,19.0,198.0,0.99035,3.22,0.42,10.3
6.4,0.42,0.29,6.9,0.06,55.0,127.0,0.9901,3.22,0.65,10.7
6.8,0.22,0.39,3.3,0.062,47.0,99.0,0.9908,3.12,0.55,11.9
6.9,0.32,0.47,4.7,0.032,22.0,135.0,0.99,3.15,0.59,11.1
7.6,0.27,0.34,5.1,0.033,23.0,198.0,0.9938,3.16,0.36,12.3
6.0,0.18,0.41,10.4,0.044000000000000004,28.0,152.0,0.9909399999999999,3.0,0.5,11.6
6.5,0.22,0.32,10.7,0.045,81.0,155.0,0.99066,3.03,0.3,9.5
7.0,0.27,0.57,6.7,0.053,22.0,167.0,0.9916,3.44,0.54,9.5
7.1,0.22,0.24,13.9,0.027999999999999997,63.0,124.0,0.9923,2.87,0.44,8.7
7.4,0.24,0.42,10.2,0.031,7.0,116.0,0.99792,3.03,0.46,11.8
7.2,0.23,0.23,2.0,0.043,20.0,72.0,0.9958,3.16,0.46,11.0
7.2,0.33,0.35,7.8,0.045,30.0,153.0,0.9977600000000001,2.97,0.59,9.8
6.6,0.28,0.46,3.0,0.045,23.0,96.0,0.99567,3.49,0.5,9.3
7.3,0.18,0.45,1.9,0.038,62.0,167.0,0.9954,3.22,0.58,10.1
6.0,0.14,0.3,1.0,0.047,37.0,124.0,0.9981,3.25,0.38,10.0
6.6,0.34,0.28,4.8,0.05,54.0,151.0,0.99546,3.2,0.36,10.6
6.8,0.28,0.25,5.5,0.047,26.0,137.0,0.99382,3.41,0.52,9.5
7.4,0.16,0.17,8.9,0.051,42.0,101.0,0.9998,3.24,0.45,9.5
8.9,0.3,0.56,5.9,0.055999999999999994,29.0,105.0,0.9942,3.14,0.75,9.0
7.8,0.27,0.2,2.6,0.033,71.0,132.0,0.99565,3.21,0.58,8.7
5.8,0.24,0.22,1.35,0.033,15.0,144.0,0.9898399999999999,3.41,0.41,9.4
6.7,0.24,0.29,1.85,0.049,44.5,120.0,0.9998,3.1,0.72,9.7
7.6,0.41,0.31,13.0,0.055999999999999994,62.0,155.0,0.992,3.11,0.54,11.8
6.7,0.285,0.42,3.7,0.032,52.0,197.0,0.996,3.23,0.5,11.1
6.2,0.27,0.14,2.0,0.052000000000000005,23.0,152.0,0.99177,3.28,0.66,12.8
6.4,0.23,0.34,6.0,0.052000000000000005,27.0,226.0,0.9917,3.51,0.57,12.3
7.3,0.2,0.3,9.3,0.048,44.0,116.0,0.9932,2.92,0.37,10.5
7.0,0.19,0.0,14.2,0.045,17.0,131.0,0.9911200000000001,3.09,0.62,13.2
6.8,0.12,0.31,6.9,0.052000000000000005,17.0,189.0,0.9940000000000001,3.08,0.48,11.0
6.3,0.3,0.37,2.2,0.047,77.0,105.0,0.99474,3.15,0.4,11.3
7.4,0.35,0.24,1.0,0.061,47.0,136.0,0.9968299999999999,3.2,0.54,12.7
7.2,0.19,0.24,1.9,0.033,33.0,135.0,0.9903,3.27,0.43,12.8
8.9,0.39,0.21,5.7,0.054000000000000006,26.0,198.0,0.98975,3.49,0.52,10.5
6.7,0.17,0.27,1.6,0.038,30.0,208.0,0.9948,3.03,0.39,9.9
6.0,0.55,0.22,13.3,0.034,79.5,147.0,0.9964200000000001,3.32,0.5,9.3
6.2,0.17,0.49,2.7,0.035,35.0,165.0,0.98711,3.23,0.45,10.1
6.4,0.27,0.26,0.9,0.061,29.0,87.0,1.001,3.38,0.51,10.2
7.2,0.28,0.49,14.9,0.017,35.0,119.0,0.9928,3.07,0.65,9.5
5.8,0.22,0.34,1.3,0.038,24.0,182.0,0.9940000000000001,3.04,0.38,11.0
7.3,0.36,0.37,3.2,0.03,68.0,139.0,0.98945,3.26,0.5,8.9
6.8,0.31,0.28,1.2,0.034,44.0,160.0,0.99587,2.91,0.46,11.2
5.9,0.18,0.44,5.25,0.047,31.0,144.0,0.9954799999999999,3.1,0.5,10.2
6.4,0.33,0.34,1.6,0.055999999999999994,7.0,186.0,0.9944,3.37,0.32,9.9
6.0,0.19,0.09,11.3,0.036000000000000004,44.0,71.0,1.0003,3.2,0.69,8.8
7.6,0.29,0.27,11.8,0.040999999999999995,32.0,141.0,0.9919899999999999,2.94,0.46,11.1
5.6,0.28,0.36,8.6,0.05,85.0,174.0,0.9951,3.11,0.38,9.2
5.5,0.105,0.42,1.9,0.033,35.0,159.0,1.0002,3.36,0.49,9.1
8.4,0.2,0.44,9.2,0.17300000000000001,38.0,154.0,0.9912,3.05,0.55,13.4
5.4,0.23,0.38,2.0,0.028999999999999998,16.0,169.0,0.9979,3.18,0.44,10.2
6.6,0.23,0.24,12.1,0.035,19.0,200.0,0.9885299999999999,3.09,0.4,9.5
6.9,0.18,0.28,7.4,0.03,20.0,140.0,0.99946,3.2,0.36,11.4
6.3,0.35,0.26,1.0,0.026000000000000002,22.0,118.0,0.98936,3.36,0.35,11.2
6.6,0.25,0.22,1.6,0.049,23.0,87.0,0.9953,3.37,0.56,12.3
5.8,0.25,0.25,3.2,0.040999999999999995,24.0,187.0,0.99,3.05,0.46,9.6
6.8,0.22,0.1,9.9,0.036000000000000004,61.0,136.0,0.9934,2.94,0.39,11.0
5.7,0.17,0.3,11.2,0.067,52.0,181.0,0.9957,3.06,0.44,10.9
8.9,0.27,0.33,12.0,0.045,12.0,114.0,0.9917,3.19,0.44,9.5
7.9,0.22,0.35,5.5,0.05,11.0,186.0,0.9892799999999999,3.28,0.45,8.6
7.3,0.24,0.34,3.5,0.027999999999999997,16.0,221.0,0.9993,3.11,0.39,10.9
7.6,0.17,0.49,4.1,0.027000000000000003,20.0,200.0,0.992,3.04,0.71,12.7
7.6,0.24,0.47,15.0,0.042,38.0,139.0,0.99716,3.09,0.38,9.6
7.6,0.2,0.24,6.5,0.037000000000000005,14.0,255.0,0.9928600000000001,3.04,0.78,10.3
7.5,0.23,0.26,6.9,0.037000000000000005,35.0,84.0,0.9916,3.17,0.41,10.8
7.2,0.27,0.33,9.8,0.049,25.0,113.0,0.9927,3.09,0.4,9.2
5.1,0.28,0.25,1.1,0.028999999999999998,28.0,163.0,0.9882200000000001,3.26,0.35,10.7
6.7,0.28,0.34,5.3,0.036000000000000004,15.0,137.0,0.9937,2.99,0.66,12.5
9.0,0.16,0.33,4.8,0.032,32.0,75.0,0.9967,3.24,0.63,10.7
6.5,0.41,0.24,8.2,0.053,49.0,223.0,0.99198,2.99,0.4,11.8
7.6,0.31,0.29,1.7,0.027999999999999997,23.0,92.0,0.99546,3.6,0.47,9.8
6.3,0.3,0.24,1.2,0.043,36.0,110.0,0.9948,3.18,0.47,9.1
6.6,0.16,0.26,1.4,0.027999999999999997,35.0,143.0,0.99026,3.21,0.69,13.0
7.8,0.26,0.4,12.15,0.043,41.0,129.0,0.9939399999999999,3.06,0.61,11.5
6.2,0.19,0.24,8.0,0.19699999999999998,42.0,150.0,0.9983,3.05,0.5,8.9
5.4,0.22,0.26,15.4,0.038,44.0,100.0,0.991,3.19,0.43,11.6
6.7,0.12,0.22,2.5,0.051,28.0,112.0,0.9982,3.4,0.44,11.0
7.8,0.22,0.42,1.6,0.055,37.0,189.0,0.9910899999999999,3.26,0.38,9.6
8.1,0.25,0.31,1.3,0.06,20.0,247.0,0.9979,3.13,0.39,9.2
6.4,0.3,0.31,7.8,0.037000000000000005,18.0,174.0,0.9944,3.19,0.72,10.3
7.2,0.33,0.2,6.5,0.05,18.0,178.0,0.9951,3.06,0.42,9.0
6.4,0.185,0.26,1.6,0.046,15.0,106.0,0.99916,3.04,0.54,9.4
5.7,0.31,0.31,5.45,0.055999999999999994,14.0,113.0,0.9964,3.45,0.38,9.5
6.3,0.28,0.6,1.8,0.04,34.0,156.0,0.99198,3.12,0.37,9.6
6.7,0.18,0.36,10.4,0.052000000000000005,54.0,93.0,0.9966,3.31,0.37,9.4
6.5,0.19,0.29,1.2,0.053,15.0,133.0,0.99769,3.25,0.46,9.4
5.6,0.28,0.3,13.5,0.08,20.0,168.0,0.9907,3.28,0.58,12.3
6.5,0.25,0.26,8.7,0.039,20.0,187.0,0.9987,3.36,0.45,11.1
6.3,0.3,0.82,1.5,0.052000000000000005,35.0,115.0,0.99174,3.21,0.49,9.0
6.6,0.23,0.28,14.95,0.026000000000000002,24.0,111.0,0.9927,3.24,0.38,8.8
6.4,0.38,0.41,15.7,0.048,42.0,111.0,0.9947,3.08,0.48,10.9
7.2,0.26,0.27,1.3,0.044000000000000004,82.5,119.0,1.0001,3.05,0.37,11.3
6.4,0.3,0.24,6.1,0.083,24.0,125.0,0.9932,2.96,0.45,10.5
7.9,0.23,0.28,14.8,0.034,45.0,74.0,0.9946,3.27,0.57,10.7
6.4,0.26,0.33,14.4,0.046,98.0,111.0,0.9927,3.48,0.52,11.0
6.5,0.31,0.18,5.5,0.043,110.0,108.0,0.9928600000000001,3.06,0.42,9.8
8.3,0.31,0.49,1.4,0.038,28.0,180.0,0.9931,3.24,0.65,8.8
5.7,0.15,0.3,10.7,0.027000000000000003,81.0,125.0,0.9935200000000001,3.27,0.4,12.8
6.6,0.24,0.59,1.05,0.053,21.0,95.0,0.99445,3.15,0.44,9.1
6.2,0.27,0.05,8.5,0.05,57.0,97.0,0.9906,3.28,0.6,10.0
6.3,0.2,0.36,4.0,0.031,35.0,155.0,0.9954200000000001,2.94,0.32,11.1
5.9,0.26,0.4,12.0,0.044000000000000004,42.0,121.0,0.9905200000000001,3.03,0.4,12.1
6.4,0.2,0.32,2.2,0.055999999999999994,27.0,87.0,0.9958,3.07,0.39,9.5
7.2,0.75,0.2,8.2,0.038,57.0,110.0,0.9994700000000001,3.24,0.6,10.1
6.0,0.28,0.2,5.6,0.048,46.0,110.0,0.9974200000000001,3.38,0.52,9.7
7.8,0.22,0.45,2.3,0.028999999999999998,15.0,121.0,0.99215,3.03,0.37,10.0
7.9,0.26,0.21,6.65,0.052000000000000005,53.0,127.0,0.9904,3.14,0.5,11.0
7.2,0.22,0.35,8.3,0.046,23.0,129.0,0.9954,3.19,0.39,11.2
7.3,0.17,0.27,5.9,0.033,72.0,146.0,0.9997,3.34,0.52,10.8
7.1,0.28,0.26,12.9,0.034,21.0,51.0,0.9926200000000001,3.11,0.47,10.8
8.8,0.26,0.28,9.9,0.026000000000000002,21.0,142.0,0.99018,3.1,0.53,11.0
6.4,0.16,0.23,14.0,0.046,27.0,183.0,0.9944,2.9,0.52,11.0
7.4,0.21,0.37,7.2,0.08,68.0,118.0,0.9976,3.14,0.65,10.2
6.0,0.2,0.22,15.4,0.055999999999999994,49.0,167.0,0.9966,3.1,0.38,12.6
7.6,0.27,0.25,1.4,0.07200000000000001,54.0,127.0,0.9939,3.11,0.38,10.9
6.0,0.48,0.42,7.2,0.034,45.0,156.0,0.9921200000000001,3.16,0.39,8.7
6.9,0.21,0.33,1.3,0.034,29.0,118.0,0.9931,3.19,0.54,10.5
7.7,0.37,0.34,2.9,0.038,40.0,221.0,0.9928,3.3,0.61,11.5
8.3,0.785,0.36,14.4,0.044000000000000004,52.0,117.0,0.9958,2.93,0.39,12.5
7.3,0.17,0.24,1.5,0.037000000000000005,48.0,188.0,0.9905799999999999,3.24,0.37,8.8
6.7,0.31,0.37,7.6,0.033,30.0,90.0,0.9926,3.37,0.46,9.0
7.0,0.18,0.12,1.4,0.062,62.0,115.0,0.99266,3.3,0.36,9.4
7.3,0.28,0.34,5.2,0.048,37.0,91.0,0.9928,3.1,0.45,11.1
7.4,0.36,0.34,0.9,0.026000000000000002,41.0,158.0,0.9912,3.17,0.38,9.9
6.6,0.13,0.35,10.4,0.038,52.0,173.0,0.9983,2.94,0.78,9.4
7.0,0.29,0.36,3.4,0.032,43.0,124.0,1.0001,3.31,0.46,9.4
7.9,0.29,0.74,1.7,0.059000000000000004,43.0,167.0,0.9986,3.32,0.48,9.2
8.3,0.44,0.4,6.8,0.038,31.0,113.0,0.9908799999999999,3.08,0.56,11.1
7.5,0.28,0.12,2.25,0.055,43.0,130.0,0.9981,3.09,0.54,9.5
6.4,0.27,0.51,1.1,0.032,19.0,131.0,0.9934,3.11,0.64,9.0
6.2,0.28,0.36,6.6,0.052000000000000005,32.0,170.0,0.9948,3.03,0.48,11.9
7.1,0.47,0.21,1.6,0.044000000000000004,25.0,76.0,0.99535,3.05,0.41,9.3
5.9,0.3,0.47,12.0,0.046,22.0,97.0,0.99323,3.2,0.35,10.4
6.4,0.3,0.29,15.1,0.053,38.0,93.0,0.99808,3.16,0.45,10.0
6.9,0.13,0.49,1.4,0.028999999999999998,15.0,219.0,0.9954,3.24,0.51,9.4
6.2,0.28,0.3,3.3,0.039,21.0,105.0,0.9955,3.22,0.37,12.1
7.2,0.19,0.26,11.6,0.04,47.0,171.0,0.9939,3.03,0.7,9.1
6.7,0.39,0.47,2.2,0.040999999999999995,20.0,228.0,0.9924,3.36,0.45,8.9
6.4,0.32,0.36,4.4,0.038,29.0,97.0,0.9958,3.12,0.35,11.5
7.3,0.225,0.26,2.0,0.040999999999999995,8.0,103.0,0.99313,3.2,0.44,9.1
6.8,0.18,0.49,1.2,0.053,17.0,118.0,0.9984,3.15,0.38,11.4
9.3,0.21,0.25,1.4,0.122,51.0,133.0,0.99311,3.09,0.48,9.9
8.0,0.27,0.35,11.8,0.04,29.0,172.0,0.99587,3.21,0.4,12.1
6.8,0.18,0.34,8.2,0.055999999999999994,32.0,110.0,0.9899899999999999,2.89,0.32,10.1
6.5,0.2,0.39,10.7,0.069,33.0,141.0,0.9979,3.26,0.39,9.4
7.7,0.18,0.23,1.1,0.036000000000000004,39.0,168.0,0.9970899999999999,2.9,0.5,9.4
7.9,0.25,0.25,1.0,0.037000000000000005,25.0,111.0,0.9937,2.93,0.32,10.1
6.4,0.32,0.28,2.1,0.057,28.0,182.0,0.9919,3.1,0.35,9.5
6.4,0.33,0.39,3.9,0.063,38.0,176.0,0.9905299999999999,3.18,0.51,9.7
6.4,0.25,0.3,1.4,0.027999999999999997,53.0,168.0,0.99244,3.27,0.46,9.0
7.1,0.32,0.36,17.55,0.046,6.0,221.0,0.9889,2.9,0.44,10.5
7.2,0.41,0.33,2.6,0.062,45.0,112.0,0.9895799999999999,3.27,0.71,9.7
7.0,0.33,0.32,16.05,0.031,35.0,212.0,0.9981,3.45,0.42,9.9
6.6,0.255,0.31,1.4,0.069,37.0,119.0,0.9936,3.1,0.52,8.8
7.3,0.28,0.39,7.4,0.033,21.0,125.0,0.9912,2.98,0.66,10.2
7.5,0.18,0.47,4.6,0.055999999999999994,54.0,68.0,0.9948,3.32,0.39,10.8
7.2,0.22,0.26,3.8,0.054000000000000006,60.0,130.0,0.99924,3.29,0.55,12.8
6.6,0.4,0.49,2.1,0.034,12.0,129.0,0.9990000000000001,3.36,0.9,8.9
7.4,0.23,0.6,1.6,0.046,19.0,177.0,0.9968,3.25,0.43,12.7
7.0,0.19,0.24,16.8,0.049,29.0,104.0,0.9941,3.03,0.46,10.4
7.2,0.39,0.26,12.9,0.301,47.0,84.0,0.9928299999999999,3.16,0.4,10.8
5.7,0.22,0.45,2.3,0.11,12.0,156.0,0.9934,3.58,0.45,10.9
6.0,0.25,0.5,1.6,0.049,15.5,150.0,0.9927,3.09,0.42,11.0
6.3,0.24,0.32,1.0,0.069,63.0,112.0,0.9938,3.01,0.51,9.5
8.2,0.3,0.33,1.7,0.061,66.0,230.0,0.9933,3.13,0.46,10.0
5.6,0.32,0.23,4.6,0.055,35.0,135.0,0.9898399999999999,2.98,0.6,9.4
6.7,0.61,0.39,1.5,0.055,39.0,221.0,0.9954,3.14,0.6,10.6
6.5,0.21,0.25,2.7,0.043,39.0,164.0,0.9968,3.3,0.51,10.9
5.1,0.21,0.26,10.5,0.031,59.0,173.0,0.9962,3.14,0.46,10.3
6.9,0.23,0.34,2.5,0.052000000000000005,11.0,110.0,0.9932,3.22,0.46,13.4
7.3,0.3,0.4,4.6,0.044000000000000004,25.0,226.0,0.9937600000000001,2.99,0.52,11.4
7.4,0.25,0.33,12.2,0.047,48.5,174.0,0.9926799999999999,3.29,0.46,10.7
6.6,0.28,0.38,10.5,0.04,23.0,127.0,0.995,3.25,0.51,10.6
6.3,0.39,0.38,1.2,0.036000000000000004,33.0,117.0,0.9919,3.09,0.47,9.8
6.2,0.34,0.22,1.6,0.024,24.0,121.0,0.996,3.31,0.59,8.8
6.2,0.19,0.38,11.6,0.031,45.0,90.0,0.9912799999999999,3.43,0.66,12.7
6.3,0.27,0.32,1.0,0.048,24.0,125.0,0.9943,3.06,0.39,9.8
7.7,0.21,0.15,10.7,0.047,52.0,210.0,0.9965200000000001,3.42,0.59,9.6
6.0,0.55,0.3,2.8,0.047,20.0,177.0,0.998,3.32,0.54,10.0
7.9,0.33,0.58,0.9,0.055,15.0,135.0,0.9956,3.15,0.42,11.8
6.1,0.27,0.26,8.8,0.045,52.0,105.0,0.9974,3.34,0.56,9.3
7.6,0.22,0.24,13.7,0.063,110.0,78.0,0.9957799999999999,3.0,0.33,9.8
7.1,0.22,0.39,0.6,0.037000000000000005,75.0,238.5,0.99354,3.07,0.4,9.5
6.6,0.25,0.21,3.9,0.046,22.0,129.0,0.9918600000000001,3.08,0.55,9.3
7.2,0.27,0.34,2.1,0.055999999999999994,51.0,103.0,0.9947600000000001,3.22,0.4,9.3
7.4,0.315,0.3,7.2,0.043,44.0,163.0,0.9914,3.22,0.32,11.8
5.8,0.15,0.23,1.0,0.039,27.0,191.0,0.9992,3.14,0.62,10.2
6.3,0.18,0.52,5.3,0.045,23.0,115.0,0.9931200000000001,3.12,0.36,11.4
7.6,0.395,0.49,8.1,0.046,15.0,115.0,0.9912,3.27,0.64,10.5
6.9,0.2,0.31,7.8,0.055999999999999994,21.0,113.0,0.993,3.31,0.58,10.5
7.1,0.29,0.21,1.9,0.035,13.0,178.0,0.9986,3.17,0.5,9.9
6.9,0.16,0.23,1.5,0.036000000000000004,8.0,155.0,0.993,3.07,0.5,9.4
6.5,0.36,0.29,4.35,0.046,23.0,210.0,0.9934,2.96,0.37,12.7
5.7,0.31,0.4,1.8,0.059000000000000004,26.0,159.0,0.99518,2.99,0.43,10.7
8.2,0.3,0.34,1.5,0.053,30.0,126.0,0.9958,3.11,0.4,8.8
6.4,0.18,0.43,2.6,0.035,22.0,113.0,0.98988,3.0,0.46,10.7
7.0,0.21,0.37,12.0,0.035,45.0,160.0,0.9951,3.3,0.64,9.0
5.7,0.24,0.25,1.7,0.038,28.0,170.0,0.9914,2.88,0.58,10.1
6.8,0.16,0.74,14.5,0.054000000000000006,29.0,90.0,0.9894,3.22,0.56,10.0
5.7,0.23,0.33,9.9,0.031,74.0,119.0,0.9936200000000001,3.02,0.55,10.0
6.7,0.27,0.44,2.2,0.067,41.0,45.0,0.992,3.42,0.68,9.4
7.6,0.15,0.25,6.3,0.040999999999999995,30.0,204.0,0.9938799999999999,3.06,0.64,12.4
4.4,0.18,0.4,7.3,0.052000000000000005,9.0,140.0,0.99382,3.29,0.45,9.4
7.4,0.34,0.19,14.6,0.04,62.0,153.0,0.9967,3.22,0.52,10.4
6.3,0.2,0.14,4.0,0.055999999999999994,26.0,114.0,0.99587,3.2,0.5,9.8
7.5,0.29,0.36,1.1,0.04,35.0,115.0,0.9905799999999999,3.1,0.6,9.7
6.7,0.24,0.26,18.35,0.031,8.0,101.0,0.9891399999999999,3.4,0.8,8.7
7.2,0.28,0.3,1.7,0.032,64.0,185.0,0.9932799999999999,3.29,0.44,10.6
8.6,0.18,0.18,10.2,0.04,42.0,94.0,0.9906200000000001,3.2,0.62,10.6
6.6,0.16,0.3,7.7,0.04,13.0,110.0,0.99392,3.19,0.56,9.9
7.0,0.18,0.32,3.1,0.03,21.0,114.0,0.9974200000000001,2.98,0.32,12.3
6.5,0.32,0.37,4.2,0.022000000000000002,13.0,162.0,0.9940000000000001,3.19,0.38,12.0
7.1,0.29,0.73,14.3,0.04,29.0,152.0,0.9907600000000001,3.27,0.57,12.2
7.0,0.24,0.49,3.8,0.05,63.0,86.0,0.99018,3.41,0.39,10.9
7.0,0.25,0.26,1.6,0.044000000000000004,10.0,101.0,0.9932799999999999,3.04,0.71,10.3
7.3,0.37,0.49,13.9,0.027999999999999997,17.0,100.0,0.9942,3.05,0.41,11.2
7.4,0.33,0.37,6.5,0.034,27.0,146.0,0.9976,3.24,0.44,10.4
6.5,0.22,0.42,7.4,0.053,40.0,198.0,0.9930399999999999,3.25,0.51,14.0
7.2,0.23,0.29,2.2,0.036000000000000004,23.0,113.0,0.9925,3.41,0.54,9.0
6.4,0.2,0.28,3.9,0.045,42.0,149.0,0.9925,3.07,0.42,10.4
6.0,0.38,0.21,1.6,0.048,13.0,132.0,0.9913,3.05,0.46,9.1
6.8,0.28,0.42,12.1,0.053,61.0,115.0,0.99966,3.15,0.38,8.9
7.2,0.29,0.34,7.4,0.044000000000000004,35.0,178.0,0.9952,3.22,0.45,10.0
7.8,0.18,0.38,1.8,0.044000000000000004,56.0,99.0,0.99471,3.11,0.59,10.0
7.1,0.25,0.19,13.8,0.028999999999999998,67.0,55.0,1.001,3.33,0.43,10.8
5.1,0.2,0.27,14.5,0.06,49.0,134.0,0.9962,3.05,0.56,10.1
6.7,0.3,0.49,2.1,0.042,35.0,93.0,0.9990000000000001,3.14,0.38,9.4
5.7,0.21,0.28,1.4,0.049,29.0,124.0,0.9986200000000001,2.95,0.67,11.9
7.3,0.26,0.26,14.2,0.043,49.0,66.0,0.99475,3.31,0.36,9.8
7.2,0.28,0.34,1.5,0.025,34.0,120.0,0.9902,3.04,0.4,11.0
6.2,0.22,0.32,1.8,0.045,44.0,94.0,0.9949,3.12,0.55,9.4
7.2,0.345,0.67,1.1,0.057,46.0,120.0,0.9887600000000001,3.42,0.5,11.7
6.9,0.23,0.26,10.4,0.057,33.0,87.0,0.99572,3.06,0.53,11.9
7.8,0.22,0.38,7.1,0.028999999999999998,24.0,137.0,0.9911,3.44,0.38,9.1
5.6,0.23,0.29,7.6,0.032,12.0,138.0,0.9982,3.36,0.44,10.2
7.4,0.26,0.74,1.5,0.061,33.0,174.0,0.9916,3.31,0.49,9.4
8.2,0.25,0.33,1.6,0.046,31.0,97.0,0.99195,3.0,0.57,9.0
6.6,0.33,0.15,4.6,0.05,9.0,124.0,0.9909,3.42,0.43,9.1
6.9,0.24,0.33,1.5,0.046,43.0,154.0,0.9983,3.35,0.76,9.4
8.0,0.27,0.47,1.7,0.036000000000000004,18.0,146.0,0.9993,3.49,0.5,12.2
6.7,0.23,0.4,12.0,0.035,24.0,99.0,0.9896299999999999,3.02,0.52,10.8
6.2,0.31,0.34,6.4,0.03,27.0,192.0,0.9976,3.39,0.42,9.5
7.0,0.27,0.36,14.3,0.055999999999999994,39.0,143.0,0.99564,3.22,0.47,11.2
8.1,0.13,0.37,8.25,0.05,48.0,145.0,0.99126,3.25,0.43,10.1
9.4,0.28,0.19,1.3,0.04,45.0,118.0,0.99624,3.68,0.56,11.5
6.0,0.28,0.32,11.8,0.025,55.0,118.0,0.9953,3.11,0.53,10.1
8.8,0.4,0.17,18.75,0.039,65.0,209.0,0.9907600000000001,3.42,0.49,11.3
7.4,0.29,0.45,9.7,0.034,73.0,142.0,0.9901,3.43,0.43,11.1
8.2,0.37,0.0,2.7,0.052000000000000005,44.0,169.0,0.9981,3.17,0.42,11.0
6.5,0.28,0.3,5.1,0.045,16.0,84.0,0.992,3.25,0.79,10.0
7.6,0.34,0.49,17.8,0.057999999999999996,12.0,171.0,0.99182,3.4,0.46,10.1
10.7,0.23,0.48,11.8,0.045,29.0,140.0,0.9984,3.16,0.39,9.0
6.1,0.34,0.29,4.9,0.062,19.0,130.0,0.99005,3.19,0.44,12.8
6.9,0.24,0.25,1.2,0.046,33.0,100.0,0.9953700000000001,3.11,0.54,10.0
5.9,0.28,0.23,8.1,0.05,23.0,193.0,0.9903200000000001,3.6,0.46,8.8
7.0,0.38,0.3,1.5,0.031,31.0,126.0,0.9962,3.07,0.4,10.4
5.0,0.24,0.44,1.2,0.027000000000000003,20.0,99.0,0.9953,3.29,0.38,10.6
7.8,0.34,0.27,2.3,0.053,15.0,118.0,0.99046,3.03,0.38,8.5
7.6,0.36,0.3,6.1,0.031,42.0,138.0,0.99203,3.16,0.47,11.6
7.8,0.28,0.33,2.9,0.052000000000000005,39.0,123.0,0.99955,3.18,0.53,12.1
7.6,0.21,0.1,1.4,0.038,23.0,155.0,0.9923,3.25,0.6,10.9
5.5,0.23,0.67,4.9,0.039,34.0,102.0,1.0001,3.21,0.49,11.2
6.2,0.34,0.27,3.0,0.032,57.0,113.0,0.991,3.26,0.54,12.6
8.0,0.18,0.33,6.2,0.031,52.0,137.0,0.9908799999999999,3.02,0.56,10.4
5.9,0.35,0.24,5.0,0.05,35.0,79.0,0.99074,3.3,0.5,10.4
6.4,0.24,0.34,11.1,0.055999999999999994,31.0,111.0,0.9922799999999999,3.04,0.52,10.2
7.2,0.28,0.32,13.5,0.04,37.0,142.0,0.99224,2.99,0.33,10.4
7.3,0.28,0.2,1.4,0.013000000000000001,29.0,143.0,0.99544,3.17,0.49,11.3
6.8,0.2,0.3,7.2,0.046,17.0,219.0,0.9946799999999999,3.16,0.51,9.0
6.0,0.16,0.25,4.5,0.048,38.0,157.0,0.996,3.25,0.48,9.0
6.5,0.3,0.31,6.2,0.046,29.0,65.0,0.99098,3.09,0.37,9.4
5.8,0.33,0.26,7.7,0.042,52.0,149.0,0.9943,2.92,0.34,9.4
8.1,0.22,0.4,1.6,0.057999999999999996,50.0,154.0,0.9982,3.32,0.64,11.1
6.2,0.22,0.32,8.2,0.038,41.0,212.0,0.9928,3.04,0.43,9.5
8.5,0.29,0.13,6.4,0.045,54.0,80.0,1.0006,2.85,0.35,11.0
7.4,0.45,0.4,7.0,0.034,35.0,81.0,0.9987299999999999,3.16,0.54,9.4
6.3,0.22,0.32,2.1,0.032,29.0,132.0,0.99479,3.18,0.51,9.5
7.3,0.21,0.36,1.2,0.032,25.0,210.0,0.9978,3.32,0.57,11.0
7.2,0.19,0.22,3.2,0.055999999999999994,31.0,121.0,0.996,3.06,0.38,9.2
6.4,0.21,0.27,12.8,0.057999999999999996,49.0,134.0,0.99254,3.1,0.63,9.2
7.7,0.17,0.91,9.7,0.026000000000000002,15.0,183.0,1.0,3.3,0.48,12.7
5.7,0.2,0.39,1.5,0.028999999999999998,28.0,109.0,0.9938,3.16,0.54,9.2
6.8,0.39,0.47,13.0,0.027999999999999997,21.0,142.0,1.0,3.17,0.43,9.3
8.5,0.44,0.25,2.8,0.035,42.0,155.0,0.9922200000000001,3.17,0.54,11.8
7.7,0.13,0.49,7.5,0.062,34.0,96.0,0.99177,3.77,0.28,9.1
5.6,0.32,0.29,11.6,0.08,29.0,170.0,0.991,3.22,0.58,10.2
8.2,0.31,0.33,2.8,0.040999999999999995,20.0,196.0,0.996,3.0,0.58,11.3
7.2,0.38,0.3,3.2,0.021,44.0,138.0,0.9926,3.07,0.49,8.7
6.1,0.53,0.32,4.6,0.035,37.0,208.0,0.9908,3.4,0.64,8.9
9.3,0.3,0.22,5.2,0.026000000000000002,15.0,49.0,0.9934799999999999,3.23,0.46,10.55
6.7,0.33,0.2,8.9,0.055,17.0,198.0,0.9921200000000001,3.06,0.54,11.0
8.9,0.21,0.47,7.0,0.035,29.0,144.0,0.9958600000000001,3.21,0.49,10.3
9.4,0.17,0.17,1.2,0.019,29.0,85.0,0.9974200000000001,3.04,0.5,11.8
7.9,0.2,0.22,14.8,0.052000000000000005,6.0,142.0,0.9934,3.06,0.47,12.7
7.9,0.14,0.32,1.3,0.054000000000000006,61.0,124.0,0.9917,3.12,0.41,12.2
6.6,0.51,0.19,9.2,0.03,17.0,134.0,0.9917,2.99,0.42,10.8
5.2,0.22,0.74,15.6,0.036000000000000004,43.0,72.0,0.9925,3.04,0.53,10.2
6.0,0.23,0.49,13.6,0.035,40.0,114.0,0.9952,3.2,0.5,11.4
7.4,0.25,0.35,3.4,0.044000000000000004,53.0,149.0,0.99425,3.22,0.44,9.1
6.2,0.25,0.24,9.6,0.046,47.0,189.0,0.9931,3.06,0.28,9.6
6.5,0.3,0.38,4.6,0.044000000000000004,35.0,201.0,0.9901200000000001,3.18,0.37,12.6
9.1,0.3,0.33,14.0,0.059000000000000004,18.0,123.0,0.9950200000000001,3.17,0.54,10.4
5.0,0.34,0.29,0.9,0.035,53.0,120.0,0.9952,3.14,0.35,9.2
7.4,0.14,0.22,1.4,0.034,17.0,130.0,0.9922,2.99,0.71,12.0
6.8,0.12,0.42,2.6,0.031,10.0,95.0,0.9918399999999999,3.09,0.57,9.5
9.8,0.18,0.25,3.9,0.02,39.0,134.0,0.9914,3.0,0.38,11.3
7.4,0.42,0.3,1.5,0.017,27.0,111.0,0.99185,3.11,0.44,9.2
7.1,0.26,0.3,6.4,0.045,22.0,153.0,0.9917,3.03,0.45,9.1
6.9,0.25,0.38,9.65,0.046,48.0,240.0,0.9922,3.23,0.38,10.8
6.4,0.26,0.35,1.7,0.044000000000000004,33.0,184.0,0.9937799999999999,3.23,0.38,9.7
6.3,0.29,0.25,5.9,0.05,49.0,111.0,0.9958100000000001,3.2,0.48,10.9
6.8,0.4,0.36,16.4,0.044000000000000004,26.0,123.0,0.993,3.41,0.6,9.0
6.1,0.15,0.33,1.3,0.046,53.0,154.0,0.9927299999999999,3.37,0.43,9.5
6.2,0.26,0.3,14.45,0.043,41.0,130.0,0.9918600000000001,3.1,0.44,10.5
6.2,0.34,0.45,1.8,0.049,49.0,149.0,0.9976,3.01,0.46,9.5
7.5,0.25,0.28,11.7,0.057999999999999996,26.0,224.0,0.9944,3.02,0.34,12.8
8.0,0.23,0.3,1.4,0.05,19.0,117.0,0.9955,3.1,0.49,10.7
7.9,0.25,0.26,18.75,0.047,57.0,156.0,0.9928799999999999,3.19,0.55,8.9
7.2,0.23,0.45,1.1,0.049,17.0,185.0,0.9911,3.35,0.48,11.9
5.7,0.27,0.49,1.6,0.053,27.0,148.0,0.9973,3.06,0.34,9.0
6.9,0.21,0.49,2.2,0.053,19.0,114.0,0.99266,3.17,0.46,9.3
6.7,0.16,0.52,1.1,0.201,25.0,114.0,0.99046,3.11,0.4,9.2
7.3,0.42,0.24,4.9,0.040999999999999995,22.0,207.0,0.9899899999999999,3.23,0.48,9.2
6.6,0.16,0.32,6.6,0.049,47.0,243.0,0.99192,3.3,0.44,11.1
6.4,0.25,0.28,17.2,0.053,45.0,72.0,0.9914,3.3,0.67,11.2
6.1,0.17,0.38,1.4,0.037000000000000005,20.0,50.0,0.9954,3.37,0.62,12.7
8.0,0.23,0.26,1.6,0.046,42.0,73.0,0.9942,3.19,0.53,9.5
6.1,0.17,0.43,7.3,0.044000000000000004,50.0,44.0,0.9940000000000001,3.15,0.48,12.4
6.6,0.26,0.22,5.8,0.027000000000000003,27.0,93.0,0.99666,3.06,0.53,11.1
5.6,0.21,0.29,5.7,0.034,40.0,107.0,0.9913799999999999,2.93,0.66,11.8
4.8,0.18,0.32,1.1,0.046,20.0,155.0,0.99265,3.23,0.46,9.2
8.3,0.29,0.25,12.0,0.03,13.0,167.0,1.001,3.15,0.52,11.9
6.9,0.3,0.16,1.0,0.032,42.0,98.0,0.9958,3.19,0.58,13.1333333333333
7.8,0.41,0.36,5.4,0.032,16.0,113.0,0.9957799999999999,3.09,0.52,9.6
5.5,0.19,0.32,17.55,0.034,41.0,73.0,0.99287,3.23,0.54,12.3
6.8,0.33,0.39,1.6,0.044000000000000004,29.0,131.0,0.99115,3.24,0.52,9.5
6.4,0.17,0.24,8.7,0.036000000000000004,13.0,180.0,0.9954200000000001,3.15,0.38,11.4
7.4,0.28,0.36,5.4,0.044000000000000004,54.0,108.0,0.9924,3.06,0.53,11.5
6.8,0.28,0.46,1.0,0.054000000000000006,36.0,143.0,0.9956,3.1,0.52,9.4
6.8,0.2,0.3,6.9,0.040999999999999995,28.0,73.0,1.0,3.27,0.4,13.0
8.0,0.27,0.4,5.0,0.027999999999999997,49.0,173.0,0.99,3.28,0.63,10.4
6.3,0.33,0.29,1.2,0.046,26.0,124.0,0.98964,3.16,0.5,10.1
6.9,0.29,0.67,11.1,0.02,19.0,150.0,0.992,3.31,0.57,9.0
7.2,0.17,0.78,15.4,0.301,53.0,119.0,0.9958,3.36,0.46,8.6
7.5,0.39,0.18,2.5,0.18600000000000003,14.0,134.0,0.99954,3.18,0.41,10.6
6.2,0.27,0.28,10.1,0.037000000000000005,30.0,143.0,0.99534,3.49,0.43,12.6
4.9,0.15,0.2,15.2,0.03,31.0,93.0,0.9928,2.95,0.35,11.7
7.6,0.25,0.44,15.2,0.046,34.0,71.0,0.9958,3.4,0.57,10.0
7.2,0.68,0.28,1.3,0.036000000000000004,55.0,164.0,0.9953,3.1,0.45,11.2
6.6,0.31,0.23,0.9,0.025,10.0,181.0,0.9967,2.89,0.44,11.5
6.1,0.22,0.29,10.9,0.037000000000000005,44.0,120.0,0.9954200000000001,3.08,0.48,9.6
5.1,0.2,0.26,16.5,0.044000000000000004,26.0,202.0,0.9931200000000001,3.27,0.47,9.4
6.8,0.185,0.22,8.9,0.042,53.0,164.0,0.9981,3.03,0.54,8.6
5.9,0.22,0.62,1.5,0.038,35.0,166.0,0.99054,2.88,0.37,11.0
6.2,0.21,0.36,11.0,0.05,43.0,150.0,0.9939399999999999,3.05,0.55,9.6
8.6,0.54,0.32,2.85,0.034,15.0,174.0,0.9900899999999999,3.21,0.53,9.8
5.7,0.18,0.65,2.2,0.046,39.0,110.0,0.9959,3.07,0.45,9.6
5.0,0.375,0.28,4.7,0.036000000000000004,33.0,92.0,0.99272,3.17,0.49,12.8
6.5,0.33,0.49,1.2,0.042,34.0,212.0,0.9983799999999999,3.32,0.53,9.3
5.6,0.3,0.33,1.6,0.069,12.0,192.0,0.9945,3.31,0.48,11.0
8.1,0.27,0.21,16.0,0.046,5.0,155.0,0.9958,3.27,0.43,9.6
7.5,0.46,0.42,11.5,0.053,33.0,157.0,0.9965,3.04,0.53,11.1
8.2,0.24,0.12,1.1,0.054000000000000006,61.0,164.0,0.997,3.03,0.44,8.9
6.6,0.29,0.25,18.75,0.042,17.0,82.0,0.9928,3.38,0.34,9.2
5.8,0.17,0.29,8.75,0.046,44.0,169.0,0.99924,3.16,0.4,12.0
8.4,0.265,0.27,10.7,0.034,11.0,90.0,0.9952799999999999,3.0,0.81,10.5
5.8,0.27,0.49,18.8,0.048,61.0,176.0,0.9899899999999999,3.09,0.61,9.0
6.5,0.19,0.24,1.8,0.052000000000000005,16.0,148.0,0.992,3.28,0.39,9.7
6.0,0.22,0.57,1.0,0.052000000000000005,52.0,72.0,0.99326,3.33,0.96,9.5
6.5,0.39,0.23,3.6,0.04,53.0,162.0,0.9956,3.22,0.59,9.4
6.8,0.14,0.27,1.4,0.052000000000000005,49.0,124.0,0.9943700000000001,3.09,0.59,9.5
5.7,0.19,0.4,1.0,0.34600000000000003,33.0,131.0,0.9955,3.13,0.43,9.0
6.7,0.905,0.57,1.8,0.027999999999999997,38.0,173.0,0.9953200000000001,3.01,0.48,9.2
6.6,0.14,0.33,1.6,0.035,40.0,155.0,0.9953200000000001,3.11,0.64,9.7
6.4,0.27,0.27,11.6,0.035,30.0,113.0,0.9913200000000001,3.3,0.41,9.8
7.5,0.28,0.26,4.8,0.036000000000000004,22.0,102.0,0.9939,3.23,0.59,9.6
8.2,0.2,0.23,9.3,0.047,23.0,175.0,0.9958,3.02,0.44,8.7
6.3,0.26,0.22,1.8,0.083,16.0,46.0,0.9972,3.19,0.38,11.1
6.5,0.18,0.49,19.8,0.04,46.0,188.0,0.99035,3.09,0.43,10.4
6.8,0.15,0.31,7.2,0.039,12.0,143.0,0.9945,3.0,0.5,10.2
7.5,0.53,0.29,1.0,0.040999999999999995,36.0,152.0,0.99206,3.34,0.48,10.9
7.7,0.23,0.25,10.0,0.042,35.0,100.0,0.9939,3.17,0.54,12.3
8.1,0.38,0.31,1.2,0.039,17.0,157.0,0.9929,3.25,0.45,10.2
8.3,0.24,0.27,6.9,0.061,53.0,152.0,0.99698,3.16,0.5,12.6
7.8,0.14,0.31,2.2,0.031,21.0,117.0,0.9939399999999999,3.59,0.52,12.0
7.0,0.23,0.14,6.3,0.036000000000000004,18.0,136.0,0.9953700000000001,3.09,0.72,10.966666666666699
6.9,0.32,0.35,1.2,0.057,54.0,228.0,1.0,3.08,0.56,11.3
6.0,0.31,0.25,16.55,0.025,12.0,77.0,0.9932,3.19,0.47,10.2
7.6,0.15,0.34,12.6,0.048,77.0,122.0,0.9946,2.94,0.54,10.6
7.0,0.28,0.34,1.4,0.023,41.0,116.0,0.99166,3.49,0.59,12.3
6.8,0.17,0.02,10.5,0.047,20.0,153.0,0.9934,3.28,0.44,8.8
6.0,0.365,0.51,9.65,0.035,44.0,142.0,0.99582,3.2,0.58,10.1
7.6,0.32,0.28,7.5,0.02,22.0,142.0,0.992,2.99,0.52,13.0
7.5,0.32,0.42,2.0,0.046,33.0,95.0,0.99726,3.12,0.49,9.9
7.0,0.34,0.27,1.4,0.027999999999999997,46.0,117.0,0.9964,2.96,0.49,10.5
6.8,0.4,0.62,1.8,0.022000000000000002,35.0,87.0,0.9956,3.22,0.49,10.0
6.2,0.32,0.49,3.2,0.044000000000000004,7.0,197.0,0.9986,3.29,0.47,11.1
6.9,0.26,0.24,1.0,0.049,34.0,111.0,0.9902,3.23,0.36,9.6
7.6,0.33,0.37,8.2,0.046,27.0,115.0,0.9906,3.13,0.41,11.2
8.3,0.28,0.25,3.2,0.053,50.0,189.0,0.9939,3.09,0.45,9.5
5.8,0.26,0.23,1.5,0.049,21.0,154.0,0.9919399999999999,3.19,0.49,11.1
6.2,0.19,0.23,2.2,0.009000000000000001,30.0,132.0,0.9900399999999999,3.46,0.56,11.9
6.0,0.165,0.28,4.2,0.036000000000000004,44.0,95.0,0.99884,3.1,0.46,10.1
7.6,0.2,0.32,1.6,0.032,29.0,223.0,0.9955,3.34,0.41,9.9
5.6,0.5,0.29,9.7,0.035,67.0,144.0,0.9978,3.3,0.34,12.6
6.1,0.24,0.28,0.9,0.048,40.0,86.0,0.9907600000000001,3.0,0.58,11.4
6.8,0.17,0.39,7.3,0.086,63.0,92.0,0.99551,3.16,0.56,10.3
5.6,0.3,0.28,11.6,0.042,45.0,89.0,0.9929,3.15,0.43,11.9
7.1,0.48,0.4,1.4,0.049,30.0,126.0,0.9909399999999999,3.08,0.72,9.4
8.5,0.21,0.29,9.4,0.051,21.0,86.0,0.9968,3.31,0.33,12.9
6.4,0.66,0.48,12.1,0.027999999999999997,33.0,121.0,0.9927,3.41,0.46,9.4
9.6,0.21,0.26,8.2,0.049,61.0,160.0,0.9953,3.08,0.47,11.7
6.1,0.34,0.37,3.0,0.044000000000000004,6.0,116.0,0.99736,3.01,0.61,12.6
6.8,0.24,0.2,2.0,0.043,29.0,206.0,0.9907600000000001,3.02,0.59,8.9
7.7,0.27,0.32,10.9,0.05,39.0,168.0,0.9976700000000001,3.23,0.41,8.8
8.7,0.28,0.32,12.4,0.046,19.0,156.0,0.9966,3.65,0.41,10.5
6.1,0.33,0.41,15.9,0.051,9.0,212.0,1.0,3.14,0.39,11.0
9.8,0.24,0.2,5.7,0.03,39.0,161.0,0.99198,3.03,0.76,10.2
5.9,0.21,0.45,14.3,0.039,35.0,141.0,0.9965,2.98,0.46,9.6
6.5,0.28,0.8,3.3,0.035,56.0,158.0,0.99544,3.36,0.48,11.3
7.0,0.18,0.2,4.8,0.038,40.0,234.5,0.9932,3.02,0.35,12.9
7.3,0.14,0.3,1.8,0.042,29.0,143.0,0.99216,3.22,0.45,12.2
7.3,0.23,1.66,15.8,0.024,34.0,197.0,0.98956,3.03,0.67,12.8
6.7,0.345,0.31,10.7,0.034,34.0,101.0,0.99535,3.12,0.51,9.7
6.8,0.42,0.37,2.4,0.03,20.0,99.0,0.9995,3.28,0.57,11.2
7.5,0.205,0.27,1.05,0.043,21.0,147.0,0.9983,3.15,0.4,12.2
7.6,0.185,0.45,1.8,0.032,33.0,123.0,0.992,3.08,0.38,9.6
7.8,0.17,0.28,18.15,0.028999999999999998,19.0,123.0,0.9933,3.34,0.89,10.0
6.0,0.29,0.15,2.2,0.018000000000000002,68.0,199.0,0.9952,3.23,0.61,10.6
7.3,0.59,0.36,3.6,0.031,22.0,133.0,0.9989600000000001,3.11,0.36,9.0
7.2,0.16,0.3,13.6,0.034,36.0,159.0,0.9907600000000001,2.94,0.43,12.6
6.6,0.27,0.74,11.7,0.055999999999999994,26.0,171.0,0.9932,3.26,0.54,12.5
6.7,0.24,0.14,8.55,0.032,17.0,113.0,0.992,3.25,0.67,8.9
6.1,0.14,0.34,3.8,0.047,44.0,163.0,0.9989,3.12,0.45,11.9
7.3,0.28,0.18,3.0,0.037000000000000005,29.0,117.0,0.9937,3.3,0.67,9.4
6.1,0.14,0.15,1.1,0.054000000000000006,41.0,229.0,0.9895,3.36,0.51,9.5
6.1,0.22,0.3,1.4,0.05,47.0,128.0,0.9934,3.21,0.38,9.2
8.0,0.31,0.32,3.8,0.037000000000000005,5.0,117.0,0.9891399999999999,2.99,0.36,11.0
7.0,0.29,0.33,1.3,0.040999999999999995,49.0,157.0,0.9960399999999999,3.39,0.54,11.2
6.4,0.2,0.17,2.7,0.051,34.0,154.0,0.9962,3.19,0.65,10.5
6.4,0.22,0.36,1.8,0.03,29.0,174.0,0.995,3.29,0.39,11.0
7.0,0.27,0.32,1.5,0.051,53.0,143.0,1.00037,3.14,0.54,10.4
7.0,0.37,0.24,7.6,0.039,31.0,202.0,0.9953200000000001,3.15,0.46,10.6
8.0,0.2,0.34,1.2,0.046,28.0,118.0,0.9913,3.02,0.5,10.8
8.0,0.33,0.43,2.8,0.049,38.0,98.0,0.9911,3.04,0.48,13.0
6.3,0.22,0.46,1.4,0.043,55.0,40.0,0.9952,2.99,0.47,11.9
7.5,0.24,0.36,1.7,0.055999999999999994,42.0,156.0,0.9953,3.34,0.44,9.4
7.8,0.38,0.4,9.8,0.034,35.0,125.0,0.99166,3.25,0.59,10.6
6.3,0.36,0.0,8.3,0.047,50.0,160.0,0.9986,3.04,0.56,10.3
6.9,0.2,0.27,1.4,0.039,34.0,145.0,0.9961,3.23,0.38,10.0
5.5,0.35,0.34,1.4,0.053,25.0,188.0,0.99218,3.06,0.64,11.9
7.2,0.25,0.26,2.4,0.047,12.0,198.0,0.99324,3.17,0.33,10.8
6.6,0.26,0.44,3.5,0.048,49.0,130.0,0.9937,3.4,0.4,8.7
7.1,0.18,0.32,15.6,0.044000000000000004,44.0,156.0,0.9955,3.38,0.39,10.1
6.9,0.3,0.34,8.9,0.051,15.0,156.0,0.9934,3.1,0.56,9.5
6.4,0.25,0.25,8.2,0.040999999999999995,11.0,97.0,0.9928799999999999,3.11,0.6,10.6
7.6,0.17,0.19,4.8,0.052000000000000005,29.0,121.0,0.9919,3.36,0.48,9.1
6.6,0.37,0.35,1.4,0.036000000000000004,32.0,109.0,0.98944,3.18,0.6,10.5
6.8,0.27,0.07,14.6,0.073,29.0,102.0,0.9945799999999999,3.01,0.39,10.6
8.0,0.26,0.01,1.1,0.05,61.0,159.0,0.9920399999999999,3.24,0.34,12.7
6.4,0.265,0.31,8.3,0.04,47.0,243.0,0.9983,3.36,0.51,10.4
7.6,0.23,0.53,13.2,0.045,82.5,102.0,0.99444,2.9,0.69,10.1
8.3,0.41,0.25,15.6,0.047,37.0,219.0,0.9913799999999999,3.2,0.48,12.5
8.0,0.16,0.49,8.1,0.03,24.0,227.0,0.9925,3.39,0.36,12.3
6.6,0.18,0.27,1.3,0.034,40.0,142.0,0.9939100000000001,3.08,0.49,10.5
4.8,0.17,0.3,9.6,0.03,37.0,97.0,0.9979,3.15,0.32,8.8
6.3,0.18,0.18,17.75,0.031,54.0,213.0,0.99374,3.17,0.37,10.2
7.5,0.27,0.33,5.7,0.057999999999999996,22.0,140.0,0.9891200000000001,3.22,0.44,10.0
7.0,0.2,0.43,14.7,0.026000000000000002,49.0,84.0,0.99825,3.07,0.32,9.4
6.7,0.25,0.28,12.5,0.06,20.0,196.0,0.9970600000000001,3.22,0.4,11.0
6.7,0.09,0.2,2.2,0.037000000000000005,20.0,98.0,0.9994,3.16,0.56,12.2
6.4,0.22,0.12,1.7,0.053,29.0,131.0,0.9924,3.51,0.38,10.6
6.4,0.4,0.36,4.9,0.055,56.0,67.0,0.9906,3.14,0.39,10.9
6.6,0.32,0.39,15.4,0.048,29.0,145.0,0.9940000000000001,3.31,0.45,12.1
6.4,0.18,0.28,12.0,0.06,37.0,140.0,0.9916,3.3,0.67,9.0
7.0,0.34,0.49,4.6,0.046,21.0,150.0,0.9955,3.06,0.56,12.5
6.6,0.32,0.26,2.9,0.036000000000000004,22.0,72.0,0.992,3.14,0.46,11.8
6.7,0.37,0.26,6.5,0.034,21.0,131.0,0.9905700000000001,3.19,0.37,11.0
7.2,0.29,0.21,10.8,0.037000000000000005,54.0,190.0,0.9911,3.37,0.32,9.0
6.6,0.39,0.2,8.0,0.054000000000000006,25.0,72.0,0.9956,3.08,0.42,9.6
6.0,0.31,0.24,1.8,0.031,30.0,87.0,0.99792,3.32,0.55,9.9
6.4,0.23,0.3,1.3,0.049,25.0,116.0,0.9941,3.36,0.88,10.2
6.1,0.31,0.38,11.8,0.039,41.0,149.0,0.9928,3.09,0.6,10.7
6.2,0.1,1.0,10.0,0.05,61.0,147.0,0.9930399999999999,3.23,0.43,11.5
6.9,0.22,0.68,10.7,0.046,25.0,169.0,0.9936200000000001,3.26,0.34,10.2
6.8,0.33,0.38,1.2,0.038,33.0,77.0,1.0,3.09,0.46,10.6
6.6,0.33,0.22,7.9,0.057999999999999996,49.0,128.0,0.9903799999999999,3.16,0.31,9.6
5.6,0.38,0.57,2.1,0.033,13.0,140.0,0.99976,3.19,0.62,10.2
6.9,0.36,0.21,2.7,0.046,27.0,98.0,0.99839,3.24,0.38,8.7
8.6,0.24,0.26,0.9,0.052000000000000005,17.0,161.0,0.99955,3.01,0.38,9.4
7.1,0.19,0.34,15.4,0.03,39.0,91.0,0.99911,3.15,0.82,11.0
6.5,0.28,0.28,2.8,0.052000000000000005,131.0,174.0,0.9941,3.08,0.35,9.2
5.0,0.13,0.42,7.5,0.036000000000000004,32.0,92.0,0.9986,3.04,0.32,9.3
7.9,0.32,0.49,6.3,0.036000000000000004,61.0,116.0,1.00196,3.02,0.48,9.8
6.5,0.24,0.54,3.2,0.05,36.0,145.0,0.9944,3.06,0.5,11.2
7.4,0.18,0.27,8.9,0.027000000000000003,38.0,131.0,0.9978,3.06,0.74,8.5
6.3,0.12,0.37,1.4,0.024,44.0,109.0,0.99326,3.02,0.51,10.8
6.1,0.37,0.34,1.2,0.053,48.5,99.0,0.9935,3.4,0.34,9.8
6.3,0.34,0.31,1.9,0.05,39.0,108.0,0.9926799999999999,3.29,0.44,10.8
6.8,0.23,0.42,1.2,0.027999999999999997,59.0,248.0,0.9936,3.11,0.33,11.0
7.0,0.32,0.3,1.1,0.042,47.0,186.0,0.9959,3.16,0.42,8.9
7.5,0.3,0.22,7.5,0.034,29.0,98.0,0.9936200000000001,2.94,0.42,9.5
6.5,0.32,0.25,2.0,0.053,34.0,100.0,0.9939600000000001,3.13,0.61,12.0
6.6,0.45,0.09,7.6,0.027000000000000003,61.0,110.0,0.9928799999999999,3.13,0.56,10.5666666666667
7.3,0.2,0.53,11.6,0.043,26.0,128.0,0.9921200000000001,2.97,0.67,10.5
7.9,0.38,0.18,1.9,0.051,34.0,125.0,0.99459,3.06,0.5,9.6
6.2,0.27,0.38,2.0,0.021,3.0,176.0,0.99726,3.41,0.45,13.6
6.0,0.26,0.41,9.2,0.057999999999999996,34.0,212.5,0.9938799999999999,2.96,0.53,11.3
6.3,0.38,0.4,7.9,0.051,22.0,136.0,0.99718,3.16,0.63,10.4
6.8,0.41,0.49,1.3,0.152,49.0,90.0,0.9897,3.11,0.37,9.7
7.7,0.485,0.22,15.2,0.040999999999999995,20.0,156.0,0.9996,3.22,0.39,9.2
8.3,0.39,0.33,6.2,0.059000000000000004,65.0,182.0,0.9913799999999999,3.16,0.57,9.2
6.4,0.28,0.22,8.3,0.035,34.0,114.0,0.9908,3.35,0.57,9.5
6.3,0.22,0.32,2.5,0.037000000000000005,19.0,142.0,0.991,3.09,0.44,9.3
6.6,0.36,0.26,0.8,0.027000000000000003,56.0,114.0,0.98936,3.15,0.46,10.1
7.5,0.26,0.4,6.85,0.038,20.0,198.0,0.9982,3.48,0.75,12.9
7.6,0.23,0.27,4.7,0.239,42.0,160.0,0.9948,2.93,0.38,10.5
7.9,0.13,0.27,8.4,0.03,29.0,192.0,0.99439,3.49,0.67,11.4
6.3,0.31,0.4,1.4,0.054000000000000006,42.0,196.0,0.99546,2.92,0.68,9.2
7.3,0.17,0.22,6.7,0.045,32.0,93.0,0.9924,3.23,0.41,9.2
6.2,0.26,0.49,1.4,0.046,27.0,95.0,0.99884,3.25,0.6,10.0
7.1,0.3,0.28,13.1,0.028999999999999998,41.0,115.0,0.98819,3.26,0.41,12.6
5.7,0.21,0.27,16.85,0.049,45.0,106.0,0.99254,3.09,0.44,8.7
7.8,0.17,0.32,8.1,0.039,7.0,161.0,0.9941,3.16,0.35,10.0
6.4,0.595,0.32,9.8,0.039,51.0,185.0,0.992,3.29,0.3,12.7
6.9,0.22,0.56,6.3,0.03,20.0,119.0,0.9917799999999999,3.24,0.58,8.9
6.2,0.2,0.26,9.8,0.049,42.0,114.0,0.9902,3.2,0.5,9.5
6.1,0.32,0.33,12.7,0.049,50.0,150.0,0.99461,3.32,0.42,10.8
5.2,0.17,0.37,12.8,0.047,36.0,142.0,0.9938,3.08,0.38,9.9
6.0,0.28,0.04,1.2,0.036000000000000004,10.0,145.0,0.9953,3.33,0.51,9.0
5.6,0.15,0.34,7.9,0.044000000000000004,51.0,113.0,0.99924,3.76,0.49,9.5
7.4,0.25,0.24,1.4,0.035,25.0,55.0,0.9954,3.26,0.81,9.5
6.3,0.19,0.45,18.75,0.039,11.0,99.0,0.9952,3.12,0.4,12.2
5.6,0.16,0.26,1.0,0.037000000000000005,12.0,55.0,0.9986,3.1,0.55,12.1
6.5,0.41,0.49,18.8,0.045,44.5,120.0,0.99251,3.19,0.42,10.6
6.8,0.31,0.32,3.0,0.049,64.0,126.0,0.9915799999999999,3.63,0.77,9.2
9.4,0.33,0.28,8.2,0.044000000000000004,34.0,98.0,0.9963,3.15,0.47,12.1
7.1,0.11,0.27,8.0,0.036000000000000004,44.0,178.0,0.99577,3.09,0.37,12.9
5.8,0.15,0.36,2.2,0.059000000000000004,50.0,138.0,0.9963,3.35,0.52,11.6
7.2,0.27,0.39,5.0,0.054000000000000006,28.0,135.0,0.9927,3.04,0.53,10.3
7.4,0.29,0.34,12.9,0.05,23.0,128.0,0.9914299999999999,3.15,0.53,11.9
7.3,0.26,0.26,4.9,0.057999999999999996,39.0,123.0,0.9933799999999999,2.96,0.7,10.6
6.4,0.25,0.3,1.4,0.009000000000000001,40.5,173.0,0.9975,3.13,0.55,9.4
7.6,0.19,0.32,8.0,0.03,48.0,89.0,0.9928,3.08,0.54,12.9
6.5,0.26,0.41,1.0,0.045,34.0,157.0,0.9934,3.02,0.48,11.6
5.8,0.25,0.28,9.4,0.033,25.0,196.0,0.9906200000000001,3.44,0.39,9.0
6.6,0.24,0.34,1.3,0.055,28.0,366.5,0.9922,3.27,0.51,9.4
6.7,0.21,0.36,1.1,0.052000000000000005,11.0,105.0,0.9942,3.13,0.7,10.4
6.2,0.25,0.21,11.9,0.059000000000000004,58.0,171.0,0.9915799999999999,3.12,0.55,11.0
5.0,0.35,0.62,2.7,0.032,65.0,138.0,0.9972799999999999,3.06,0.51,10.0
6.5,0.23,0.49,2.6,0.027000000000000003,22.0,147.0,0.9955,3.34,0.51,10.0
8.0,0.29,0.23,4.9,0.045,48.0,101.0,0.998,3.08,0.49,10.6
7.7,0.49,0.28,2.9,0.055999999999999994,51.0,216.0,0.99159,3.04,0.43,12.2
6.0,0.15,0.3,17.5,0.027000000000000003,35.0,99.0,0.997,3.12,0.69,11.7
6.8,0.25,0.28,5.5,0.031,11.0,110.0,0.9940000000000001,3.15,0.45,9.5
7.8,0.38,0.28,5.1,0.042,25.0,96.0,0.9944,3.1,0.68,9.2
6.3,0.33,0.15,10.0,0.07,36.0,163.0,0.9952,3.4,0.38,11.2
7.4,0.24,0.3,13.8,0.045,11.0,173.0,0.9967,3.34,0.53,12.0
5.5,0.24,0.45,8.0,0.042,16.0,101.0,0.9928,3.11,0.54,10.1
6.7,0.29,0.36,8.6,0.035,4.0,157.0,0.9928,3.27,0.74,9.2
7.7,0.32,0.26,4.0,0.032,56.0,184.0,0.9918799999999999,3.16,0.54,10.4
5.9,0.19,0.45,4.3,0.046,55.0,118.0,0.99855,3.2,0.67,10.2
7.9,0.33,0.34,1.0,0.051,8.0,174.0,0.9941,3.33,0.56,10.8
7.0,0.27,0.22,2.1,0.040999999999999995,11.0,101.0,0.99036,3.24,0.46,9.2
5.8,0.26,0.22,11.0,0.047,51.0,195.0,0.993,3.26,0.51,10.6
6.4,0.19,0.5,13.9,0.04,58.0,117.0,0.99018,3.12,0.44,10.7
6.3,0.34,0.22,9.4,0.054000000000000006,6.0,180.0,0.9966,3.06,0.46,12.3
6.5,0.43,0.39,1.5,0.031,30.0,155.0,0.9990000000000001,3.22,0.53,12.8
6.4,0.19,0.42,6.9,0.033,76.0,179.0,0.99702,2.99,0.43,9.2
6.0,0.23,0.22,3.0,0.04,29.0,76.0,0.995,3.3,0.49,8.6
6.7,0.18,0.31,1.1,0.043,70.0,93.0,0.99144,3.14,0.46,12.3
6.7,0.25,0.23,6.8,0.037000000000000005,17.0,89.0,0.99006,3.03,0.51,9.5
5.8,0.27,0.1,1.4,0.05,54.0,173.0,0.9992200000000001,3.09,0.53,12.0
9.2,0.15,0.35,1.0,0.063,53.0,125.0,0.9984,3.3,0.49,10.8
6.9,0.25,0.74,7.4,0.046,25.0,162.0,0.9911,3.22,0.59,11.0
6.7,0.21,0.32,4.75,0.05,37.0,199.0,0.9892,3.15,0.55,8.8
8.4,0.155,0.28,16.55,0.055999999999999994,53.0,94.0,0.997,3.48,0.43,9.1
7.7,0.26,0.28,1.1,0.046,35.0,170.0,0.9963,3.09,0.36,13.1
7.0,0.285,0.41,10.3,0.06,20.0,118.0,0.9990700000000001,3.13,0.44,8.7
5.9,0.29,0.29,11.8,0.046,48.0,150.0,0.9954,3.33,0.37,9.9
7.1,0.3,0.24,1.3,0.038,15.0,160.0,0.99425,2.99,0.69,12.3
7.4,0.17,0.72,1.4,0.044000000000000004,31.0,99.0,0.99672,3.15,0.5,9.8
6.5,0.18,0.33,1.4,0.03,18.0,173.0,0.9898,3.25,0.53,8.8
6.6,0.26,0.25,3.8,0.036000000000000004,34.0,143.0,0.9990000000000001,3.14,0.56,11.2
5.1,0.26,0.27,12.8,0.033,24.0,122.0,0.9931,3.14,0.34,12.6
6.8,0.24,0.18,2.1,0.039,38.0,119.0,0.9989,2.94,0.74,11.0
7.4,0.22,0.3,2.1,0.040999999999999995,38.0,173.0,0.9932,3.18,0.52,8.9
7.6,0.57,0.37,3.7,0.038,38.0,164.0,0.9916,3.22,0.34,9.7
7.0,0.16,0.3,6.8,0.03,28.0,183.0,0.9913200000000001,3.44,0.49,13.7
7.2,0.24,0.25,10.2,0.055999999999999994,19.0,124.0,0.9918399999999999,3.18,0.43,12.0
7.1,0.23,0.24,11.75,0.063,50.0,234.0,0.9954,3.3,0.44,12.8
6.7,0.18,0.36,2.1,0.04,24.0,120.0,0.9902,3.06,0.4,11.3
6.3,0.29,0.37,1.9,0.031,48.0,145.0,0.9990700000000001,3.24,0.46,10.3
6.1,0.255,0.38,5.3,0.042,21.0,135.0,0.98834,3.11,0.48,10.9
6.6,0.27,0.22,5.9,0.055999999999999994,67.0,218.5,0.9958,2.89,0.49,12.4
7.3,0.19,0.34,1.3,0.068,21.0,155.0,0.99136,3.03,0.78,9.5
6.4,0.25,0.25,4.3,0.039,33.0,228.0,0.991,3.33,0.55,10.7
7.2,0.39,0.3,1.2,0.039,37.0,251.0,0.9910399999999999,3.12,0.48,9.6
6.7,0.35,0.27,1.2,0.031,22.0,136.0,0.99282,3.1,0.38,9.7
6.9,0.19,0.4,7.5,0.026000000000000002,43.0,134.0,0.9986,3.14,0.74,12.8
6.3,0.18,0.38,11.6,0.046,64.0,154.0,0.9923200000000001,3.04,0.51,10.5
6.7,0.16,0.49,11.1,0.048,53.0,138.0,0.9927299999999999,3.12,0.45,9.4
6.7,0.24,0.36,6.4,0.044000000000000004,25.0,181.0,0.9975799999999999,3.33,0.47,9.9
7.6,0.2,0.38,17.2,0.040999999999999995,21.0,103.0,0.9974,3.11,0.39,9.5
6.1,0.2,0.28,1.3,0.047,51.0,147.0,0.9912,2.93,0.44,9.3
6.0,0.16,0.44,4.6,0.044000000000000004,33.0,105.0,0.9895299999999999,3.05,0.46,9.3
6.4,0.145,0.28,1.8,0.035,18.0,107.0,0.9917,3.1,0.5,9.1
7.2,0.25,0.33,12.1,0.053,24.0,79.0,0.9934,3.31,0.51,8.6
5.8,0.26,0.18,9.7,0.05,14.0,107.0,0.9945200000000001,3.22,0.48,9.4
7.4,0.21,0.31,1.0,0.027000000000000003,57.0,75.0,0.9986200000000001,3.32,0.42,12.0
6.6,0.3,0.27,1.5,0.051,52.5,202.0,0.9991,2.95,0.4,12.3
6.4,0.22,0.3,12.0,0.027000000000000003,29.0,135.0,0.9903200000000001,3.43,0.6,12.9
6.5,0.23,0.32,15.5,0.044000000000000004,25.0,173.0,0.99166,3.23,0.45,13.0
8.4,0.43,0.36,6.5,0.024,28.0,213.0,0.9943,3.29,0.5,8.7
7.6,0.23,0.35,3.8,0.048,21.0,170.0,0.9948799999999999,3.29,0.54,9.0
9.0,0.16,0.51,6.4,0.054000000000000006,20.0,183.0,0.991,3.02,0.38,9.5
5.5,0.4,0.27,12.7,0.069,43.0,117.0,0.9936,3.26,0.44,8.9
6.4,0.22,0.33,17.8,0.048,39.0,179.0,0.9974200000000001,3.12,0.65,10.7
7.6,0.26,0.36,1.5,0.062,37.0,145.0,0.99224,3.13,0.44,9.6
8.2,0.31,0.74,4.0,0.04,22.0,202.0,0.9927799999999999,3.24,0.5,11.4
8.9,0.235,0.48,8.6,0.040999999999999995,32.0,62.0,0.9971,3.13,0.51,10.2
6.9,0.32,0.16,11.2,0.044000000000000004,34.0,95.0,0.9923,3.06,0.35,9.5
7.7,0.23,0.28,6.7,0.07,27.0,122.0,0.9937,3.1,0.62,12.0
6.2,0.25,0.41,8.9,0.031,87.0,118.0,0.99098,3.09,0.55,11.4
8.0,0.17,0.2,3.3,0.047,54.0,102.0,0.9956,3.39,0.56,11.8
7.6,0.37,0.49,8.5,0.045,28.0,98.0,0.9931,3.38,0.56,10.3
6.7,0.28,0.36,11.8,0.032,51.0,151.0,0.9980700000000001,3.07,0.47,12.7
6.2,0.43,0.74,1.3,0.034,23.0,129.0,0.9952,3.14,0.52,9.8
6.3,0.35,0.37,10.7,0.042,37.0,117.0,0.9968,3.18,0.4,9.4
7.1,0.34,0.36,15.3,0.055,23.0,75.0,0.9914200000000001,2.94,0.47,12.9
6.9,0.2,0.4,4.9,0.044000000000000004,33.0,111.0,1.0012,3.38,0.48,9.5
6.6,0.25,0.38,10.0,0.066,48.5,150.0,0.99364,3.11,0.36,11.3
7.0,0.41,0.55,4.7,0.063,14.0,133.0,0.9894,3.18,0.46,10.4
7.8,0.2,0.3,1.1,0.026000000000000002,20.0,224.0,0.99782,3.57,0.54,10.7
7.4,0.25,0.37,8.1,0.043,9.0,155.0,0.9918,3.26,0.42,11.3
9.1,0.15,0.28,1.4,0.038,11.0,195.0,0.9937,2.96,0.41,12.5
7.1,0.32,0.49,1.2,0.057999999999999996,32.0,140.0,0.99254,3.16,0.45,10.4
6.3,0.3,0.29,12.4,0.044000000000000004,21.0,120.0,0.9923,3.23,0.53,11.7
7.7,0.17,0.04,1.6,0.05,26.0,176.0,0.9963,3.34,0.4,9.0
6.2,0.2,0.28,1.2,0.053,26.0,151.0,0.9931,3.11,0.68,9.4
6.8,0.51,0.33,9.8,0.044000000000000004,14.0,132.0,0.993,3.07,0.49,9.4
7.6,0.34,0.28,10.2,0.036000000000000004,24.0,120.0,0.9944,3.04,0.39,9.5
6.6,0.09,0.45,4.2,0.045,65.0,132.0,0.996,3.18,0.46,9.3
6.3,0.23,0.22,1.5,0.045,42.0,121.0,0.9951,3.14,0.49,8.8
9.8,0.18,0.25,7.8,0.042,24.0,151.0,0.99269,3.39,0.38,9.9
6.5,0.27,0.28,8.1,0.042,58.0,110.0,0.991,3.06,0.56,10.0
8.2,0.21,0.29,1.9,0.045,56.0,136.0,0.99772,3.32,0.64,12.5
6.8,0.21,0.54,2.4,0.04,53.0,134.0,0.9896299999999999,3.35,1.0,9.4
5.8,0.16,0.41,1.7,0.044000000000000004,45.0,127.0,0.99067,3.11,0.45,11.8
8.8,0.18,0.35,9.9,0.046,29.0,155.0,0.9926799999999999,2.96,0.43,13.1
6.3,0.26,0.28,1.8,0.049,12.0,134.0,0.9918,2.93,0.48,9.5
6.8,0.15,0.37,1.4,0.045,34.0,113.0,0.9950200000000001,3.67,0.51,12.8
6.7,0.25,0.27,1.2,0.036000000000000004,23.0,145.0,0.9904,3.03,0.48,9.1
