Input1(a);Input1(b);Input2;Input3;Input4(l);Input4(y);Input4(u);Input5(gg);Input5(p);Input5(g);Input6(j);Input6(ff);Input6(aa);Input6(e);Input6(i);Input6(x);Input6(d);Input6(c);Input6(k);Input6(cc);Input6(r);Input6(m);Input6(q);Input6(w);Input7(n);Input7(dd);Input7(o);Input7(z);Input7(j);Input7(ff);Input7(bb);Input7(h);Input7(v);Input8;Input9(f);Input9(t);Input10(f);Input10(t);Input11;Input12(t);Input12(f);Input13(p);Input13(s);Input13(g);Input14;Input15;Desired1;Desired2
0;1;30.83;0;0;0;1;0;0;1;0;0;0;0;0;0;0;0;0;0;0;0;0;1;0;0;0;0;0;0;0;0;1;1.25;0;1;0;1;1;0;1;0;0;1;202;0;0;1
1;0;58.67;4.46;0;0;1;0;0;1;0;0;0;0;0;0;0;0;0;0;0;0;1;0;0;0;0;0;0;0;0;1;0;3.04;0;1;0;1;6;0;1;0;0;1;43;560;0;1
1;0;24.5;0.5;0;0;1;0;0;1;0;0;0;0;0;0;0;0;0;0;0;0;1;0;0;0;0;0;0;0;0;1;0;1.5;0;1;1;0;0;0;1;0;0;1;280;824;0;1
0;1;27.83;1.54;0;0;1;0;0;1;0;0;0;0;0;0;0;0;0;0;0;0;0;1;0;0;0;0;0;0;0;0;1;3.75;0;1;0;1;5;1;0;0;0;1;100;3;0;1
0;1;20.17;5.625;0;0;1;0;0;1;0;0;0;0;0;0;0;0;0;0;0;0;0;1;0;0;0;0;0;0;0;0;1;1.71;0;1;1;0;0;0;1;0;1;0;120;0;0;1
0;1;32.08;4;0;0;1;0;0;1;0;0;0;0;0;0;0;0;0;0;0;1;0;0;0;0;0;0;0;0;0;0;1;2.5;0;1;1;0;0;1;0;0;0;1;360;0;0;1
0;1;33.17;1.04;0;0;1;0;0;1;0;0;0;0;0;0;0;0;0;0;1;0;0;0;0;0;0;0;0;0;0;1;0;6.5;0;1;1;0;0;1;0;0;0;1;164;31285;0;1
1;0;22.92;11.585;0;0;1;0;0;1;0;0;0;0;0;0;0;0;0;1;0;0;0;0;0;0;0;0;0;0;0;0;1;0.04;0;1;1;0;0;0;1;0;0;1;80;1349;0;1
0;1;54.42;0.5;0;1;0;0;1;0;0;0;0;0;0;0;0;0;1;0;0;0;0;0;0;0;0;0;0;0;0;1;0;3.96;0;1;1;0;0;0;1;0;0;1;180;314;0;1
0;1;42.5;4.915;0;1;0;0;1;0;0;0;0;0;0;0;0;0;0;0;0;0;0;1;0;0;0;0;0;0;0;0;1;3.165;0;1;1;0;0;1;0;0;0;1;52;1442;0;1
0;1;22.08;0.83;0;0;1;0;0;1;0;0;0;0;0;0;0;1;0;0;0;0;0;0;0;0;0;0;0;0;0;1;0;2.165;1;0;1;0;0;1;0;0;0;1;128;0;0;1
0;1;29.92;1.835;0;0;1;0;0;1;0;0;0;0;0;0;0;1;0;0;0;0;0;0;0;0;0;0;0;0;0;1;0;4.335;0;1;1;0;0;0;1;0;0;1;260;200;0;1
1;0;38.25;6;0;0;1;0;0;1;0;0;0;0;0;0;0;0;1;0;0;0;0;0;0;0;0;0;0;0;0;0;1;1;0;1;1;0;0;1;0;0;0;1;0;0;0;1
0;1;48.08;6.04;0;0;1;0;0;1;0;0;0;0;0;0;0;0;1;0;0;0;0;0;0;0;0;0;0;0;0;0;1;0.04;1;0;1;0;0;0;1;0;0;1;0;2690;0;1
1;0;45.83;10.5;0;0;1;0;0;1;0;0;0;0;0;0;0;0;0;0;0;0;1;0;0;0;0;0;0;0;0;0;1;5;0;1;0;1;7;1;0;0;0;1;0;0;0;1
0;1;36.67;4.415;0;1;0;0;1;0;0;0;0;0;0;0;0;0;1;0;0;0;0;0;0;0;0;0;0;0;0;0;1;0.25;0;1;0;1;10;1;0;0;0;1;320;0;0;1
0;1;28.25;0.875;0;0;1;0;0;1;0;0;0;0;0;0;0;0;0;0;0;1;0;0;0;0;0;0;0;0;0;0;1;0.96;0;1;0;1;3;1;0;0;0;1;396;0;0;1
1;0;23.25;5.875;0;0;1;0;0;1;0;0;0;0;0;0;0;0;0;0;0;0;1;0;0;0;0;0;0;0;0;0;1;3.17;0;1;0;1;10;0;1;0;0;1;120;245;0;1
0;1;21.83;0.25;0;0;1;0;0;1;0;0;0;0;0;0;1;0;0;0;0;0;0;0;0;0;0;0;0;0;0;1;0;0.665;0;1;1;0;0;1;0;0;0;1;0;0;0;1
1;0;19.17;8.585;0;0;1;0;0;1;0;0;0;0;0;0;0;0;0;1;0;0;0;0;0;0;0;0;0;0;0;1;0;0.75;0;1;0;1;7;0;1;0;0;1;96;0;0;1
0;1;25;11.25;0;0;1;0;0;1;0;0;0;0;0;0;0;1;0;0;0;0;0;0;0;0;0;0;0;0;0;0;1;2.5;0;1;0;1;17;0;1;0;0;1;200;1208;0;1
0;1;23.25;1;0;0;1;0;0;1;0;0;0;0;0;0;0;1;0;0;0;0;0;0;0;0;0;0;0;0;0;0;1;0.835;0;1;1;0;0;0;1;0;1;0;300;0;0;1
1;0;47.75;8;0;0;1;0;0;1;0;0;0;0;0;0;0;1;0;0;0;0;0;0;0;0;0;0;0;0;0;0;1;7.875;0;1;0;1;6;1;0;0;0;1;0;1260;0;1
1;0;27.42;14.5;0;0;1;0;0;1;0;0;0;0;0;1;0;0;0;0;0;0;0;0;0;0;0;0;0;0;0;1;0;3.085;0;1;0;1;1;0;1;0;0;1;120;11;0;1
1;0;41.17;6.5;0;0;1;0;0;1;0;0;0;0;0;0;0;0;0;0;0;0;1;0;0;0;0;0;0;0;0;0;1;0.5;0;1;0;1;3;1;0;0;0;1;145;0;0;1
1;0;15.83;0.585;0;0;1;0;0;1;0;0;0;0;0;0;0;1;0;0;0;0;0;0;0;0;0;0;0;0;0;1;0;1.5;0;1;0;1;2;0;1;0;0;1;100;0;0;1
1;0;47;13;0;0;1;0;0;1;0;0;0;0;1;0;0;0;0;0;0;0;0;0;0;0;0;0;0;0;1;0;0;5.165;0;1;0;1;9;1;0;0;0;1;0;0;0;1
0;1;56.58;18.5;0;0;1;0;0;1;0;0;0;0;0;0;1;0;0;0;0;0;0;0;0;0;0;0;0;0;1;0;0;15;0;1;0;1;17;1;0;0;0;1;0;0;0;1
0;1;57.42;8.5;0;0;1;0;0;1;0;0;0;1;0;0;0;0;0;0;0;0;0;0;0;0;0;0;0;0;0;1;0;7;0;1;0;1;3;0;1;0;0;1;0;0;0;1
0;1;42.08;1.04;0;0;1;0;0;1;0;0;0;0;0;0;0;0;0;0;0;0;0;1;0;0;0;0;0;0;0;0;1;5;0;1;0;1;6;1;0;0;0;1;500;10000;0;1
0;1;29.25;14.79;0;0;1;0;0;1;0;0;1;0;0;0;0;0;0;0;0;0;0;0;0;0;0;0;0;0;0;0;1;5.04;0;1;0;1;5;1;0;0;0;1;168;0;0;1
0;1;42;9.79;0;0;1;0;0;1;0;0;0;0;0;1;0;0;0;0;0;0;0;0;0;0;0;0;0;0;0;1;0;7.96;0;1;0;1;8;0;1;0;0;1;0;0;0;1
0;1;49.5;7.585;0;0;1;0;0;1;0;0;0;0;1;0;0;0;0;0;0;0;0;0;0;0;0;0;0;0;1;0;0;7.585;0;1;0;1;15;1;0;0;0;1;0;5000;0;1
1;0;36.75;5.125;0;0;1;0;0;1;0;0;0;1;0;0;0;0;0;0;0;0;0;0;0;0;0;0;0;0;0;0;1;5;0;1;1;0;0;1;0;0;0;1;0;4000;0;1
1;0;22.58;10.75;0;0;1;0;0;1;0;0;0;0;0;0;0;0;0;0;0;0;1;0;0;0;0;0;0;0;0;0;1;0.415;0;1;0;1;5;1;0;0;0;1;0;560;0;1
0;1;27.83;1.5;0;0;1;0;0;1;0;0;0;0;0;0;0;0;0;0;0;0;0;1;0;0;0;0;0;0;0;0;1;2;0;1;0;1;11;1;0;0;0;1;434;35;0;1
0;1;27.25;1.585;0;0;1;0;0;1;0;0;0;0;0;0;0;0;0;1;0;0;0;0;0;0;0;0;0;0;0;1;0;1.835;0;1;0;1;12;1;0;0;0;1;583;713;0;1
1;0;23;11.75;0;0;1;0;0;1;0;0;0;0;0;1;0;0;0;0;0;0;0;0;0;0;0;0;0;0;0;1;0;0.5;0;1;0;1;2;1;0;0;0;1;300;551;0;1
0;1;27.75;0.585;0;1;0;0;1;0;0;0;0;0;0;0;0;0;0;1;0;0;0;0;0;0;0;0;0;0;0;0;1;0.25;0;1;0;1;2;0;1;0;0;1;260;500;0;1
0;1;54.58;9.415;0;0;1;0;0;1;0;1;0;0;0;0;0;0;0;0;0;0;0;0;0;0;0;0;0;1;0;0;0;14.415;0;1;0;1;11;1;0;0;0;1;30;300;0;1
0;1;34.17;9.17;0;0;1;0;0;1;0;0;0;0;0;0;0;1;0;0;0;0;0;0;0;0;0;0;0;0;0;0;1;4.5;0;1;0;1;12;1;0;0;0;1;0;221;0;1
0;1;28.92;15;0;0;1;0;0;1;0;0;0;0;0;0;0;1;0;0;0;0;0;0;0;0;0;0;0;0;0;1;0;5.335;0;1;0;1;11;0;1;0;0;1;0;2283;0;1
0;1;29.67;1.415;0;0;1;0;0;1;0;0;0;0;0;0;0;0;0;0;0;0;0;1;0;0;0;0;0;0;0;1;0;0.75;0;1;0;1;1;0;1;0;0;1;240;100;0;1
0;1;39.58;13.915;0;0;1;0;0;1;0;0;0;0;0;0;0;0;0;0;0;0;0;1;0;0;0;0;0;0;0;0;1;8.625;0;1;0;1;6;1;0;0;0;1;70;0;0;1
0;1;56.42;28;0;1;0;0;1;0;0;0;0;0;0;0;0;1;0;0;0;0;0;0;0;0;0;0;0;0;0;0;1;28.5;0;1;0;1;40;0;1;0;0;1;0;15;0;1
0;1;54.33;6.75;0;0;1;0;0;1;0;0;0;0;0;0;0;1;0;0;0;0;0;0;0;0;0;0;0;0;0;1;0;2.625;0;1;0;1;11;1;0;0;0;1;0;284;0;1
1;0;41;2.04;0;1;0;0;1;0;0;0;0;0;0;0;0;0;0;0;0;0;1;0;0;0;0;0;0;0;0;1;0;0.125;0;1;0;1;23;1;0;0;0;1;455;1236;0;1
0;1;31.92;4.46;0;0;1;0;0;1;0;0;0;0;0;0;0;0;0;1;0;0;0;0;0;0;0;0;0;0;0;1;0;6.04;0;1;0;1;3;0;1;0;0;1;311;300;0;1
0;1;41.5;1.54;0;0;1;0;0;1;0;0;0;0;1;0;0;0;0;0;0;0;0;0;0;0;0;0;0;0;1;0;0;3.5;1;0;1;0;0;0;1;0;0;1;216;0;0;1
0;1;23.92;0.665;0;0;1;0;0;1;0;0;0;0;0;0;0;1;0;0;0;0;0;0;0;0;0;0;0;0;0;0;1;0.165;1;0;1;0;0;0;1;0;0;1;100;0;0;1
1;0;25.75;0.5;0;0;1;0;0;1;0;0;0;0;0;0;0;1;0;0;0;0;0;0;0;0;0;0;0;0;0;1;0;0.875;0;1;1;0;0;1;0;0;0;1;491;0;0;1
0;1;26;1;0;0;1;0;0;1;0;0;0;0;0;0;0;0;0;0;0;0;1;0;0;0;0;0;0;0;0;0;1;1.75;0;1;1;0;0;1;0;0;0;1;280;0;0;1
0;1;37.42;2.04;0;0;1;0;0;1;0;0;0;0;0;0;0;0;0;0;0;0;0;1;0;0;0;0;0;0;0;0;1;0.04;0;1;1;0;0;1;0;0;0;1;400;5800;0;1
0;1;34.92;2.5;0;0;1;0;0;1;0;0;0;0;0;0;0;0;0;0;0;0;0;1;0;0;0;0;0;0;0;0;1;0;0;1;1;0;0;1;0;0;0;1;239;200;0;1
0;1;34.25;3;0;0;1;0;0;1;0;0;0;0;0;0;0;0;0;1;0;0;0;0;0;0;0;0;0;0;0;1;0;7.415;0;1;1;0;0;1;0;0;0;1;0;0;0;1
0;1;23.33;11.625;0;1;0;0;1;0;0;0;0;0;0;0;0;0;0;0;0;0;0;1;0;0;0;0;0;0;0;0;1;0.835;0;1;1;0;0;1;0;0;0;1;160;300;0;1
0;1;23.17;0;0;0;1;0;0;1;0;0;0;0;0;0;0;0;0;1;0;0;0;0;0;0;0;0;0;0;0;0;1;0.085;0;1;1;0;0;0;1;0;0;1;0;0;0;1
0;1;44.33;0.5;0;0;1;0;0;1;0;0;0;0;1;0;0;0;0;0;0;0;0;0;0;0;0;0;0;0;0;1;0;5;0;1;1;0;0;1;0;0;0;1;320;0;0;1
0;1;35.17;4.5;0;0;1;0;0;1;0;0;0;0;0;1;0;0;0;0;0;0;0;0;0;0;0;0;0;0;0;1;0;5.75;1;0;1;0;0;1;0;0;1;0;711;0;0;1
0;1;43.25;3;0;0;1;0;0;1;0;0;0;0;0;0;0;0;0;0;0;0;1;0;0;0;0;0;0;0;0;1;0;6;0;1;0;1;11;0;1;0;0;1;80;0;0;1
0;1;56.75;12.25;0;0;1;0;0;1;0;0;0;0;0;0;0;0;0;0;0;1;0;0;0;0;0;0;0;0;0;0;1;1.25;0;1;0;1;4;1;0;0;0;1;200;0;0;1
0;1;31.67;16.165;0;0;1;0;0;1;0;0;0;0;0;0;1;0;0;0;0;0;0;0;0;0;0;0;0;0;0;0;1;3;0;1;0;1;9;0;1;0;0;1;250;730;0;1
1;0;23.42;0.79;0;1;0;0;1;0;0;0;0;0;0;0;0;0;0;0;0;0;1;0;0;0;0;0;0;0;0;0;1;1.5;0;1;0;1;2;1;0;0;0;1;80;400;0;1
1;0;20.42;0.835;0;0;1;0;0;1;0;0;0;0;0;0;0;0;0;0;0;0;1;0;0;0;0;0;0;0;0;0;1;1.585;0;1;0;1;1;0;1;0;0;1;0;0;0;1
0;1;26.67;4.25;0;0;1;0;0;1;0;0;0;0;0;0;0;0;0;1;0;0;0;0;0;0;0;0;0;0;0;0;1;4.29;0;1;0;1;1;1;0;0;0;1;120;0;0;1
0;1;34.17;1.54;0;0;1;0;0;1;0;0;0;0;0;0;0;0;0;1;0;0;0;0;0;0;0;0;0;0;0;0;1;1.54;0;1;0;1;1;1;0;0;0;1;520;50000;0;1
1;0;36;1;0;0;1;0;0;1;0;0;0;0;0;0;0;1;0;0;0;0;0;0;0;0;0;0;0;0;0;0;1;2;0;1;0;1;11;0;1;0;0;1;0;456;0;1
0;1;25.5;0.375;0;0;1;0;0;1;0;0;0;0;0;0;0;0;0;0;0;1;0;0;0;0;0;0;0;0;0;0;1;0.25;0;1;0;1;3;0;1;0;0;1;260;15108;0;1
0;1;19.42;6.5;0;0;1;0;0;1;0;0;0;0;0;0;0;0;0;0;0;0;0;1;0;0;0;0;0;0;0;1;0;1.46;0;1;0;1;7;0;1;0;0;1;80;2954;0;1
0;1;35.17;25.125;0;0;1;0;0;1;0;0;0;0;0;1;0;0;0;0;0;0;0;0;0;0;0;0;0;0;0;1;0;1.625;0;1;0;1;1;1;0;0;0;1;515;500;0;1
0;1;32.33;7.5;0;0;1;0;0;1;0;0;0;1;0;0;0;0;0;0;0;0;0;0;0;0;0;0;0;0;1;0;0;1.585;0;1;1;0;0;1;0;0;1;0;420;0;1;0
1;0;38.58;5;0;0;1;0;0;1;0;0;0;0;0;0;0;0;0;1;0;0;0;0;0;0;0;0;0;0;0;0;1;13.5;0;1;1;0;0;1;0;0;0;1;980;0;1;0
0;1;44.25;0.5;0;0;1;0;0;1;0;0;0;0;0;0;0;0;0;0;0;1;0;0;0;0;0;0;0;0;0;0;1;10.75;0;1;1;0;0;0;1;0;1;0;400;0;1;0
0;1;44.83;7;0;1;0;0;1;0;0;0;0;0;0;0;0;1;0;0;0;0;0;0;0;0;0;0;0;0;0;0;1;1.625;1;0;1;0;0;0;1;0;0;1;160;2;1;0
0;1;20.67;5.29;0;0;1;0;0;1;0;0;0;0;0;0;0;0;0;0;0;0;1;0;0;0;0;0;0;0;0;0;1;0.375;0;1;0;1;1;0;1;0;0;1;160;0;1;0
0;1;34.08;6.5;0;0;1;0;0;1;0;0;1;0;0;0;0;0;0;0;0;0;0;0;0;0;0;0;0;0;0;0;1;0.125;0;1;1;0;0;1;0;0;0;1;443;0;1;0
1;0;19.17;0.585;0;1;0;0;1;0;0;0;1;0;0;0;0;0;0;0;0;0;0;0;0;0;0;0;0;0;0;0;1;0.585;0;1;1;0;0;1;0;0;0;1;160;0;1;0
0;1;21.67;1.165;0;1;0;0;1;0;0;0;0;0;0;0;0;0;1;0;0;0;0;0;0;0;0;0;0;0;0;0;1;2.5;0;1;0;1;1;0;1;0;0;1;180;20;1;0
0;1;21.5;9.75;0;0;1;0;0;1;0;0;0;0;0;0;0;1;0;0;0;0;0;0;0;0;0;0;0;0;0;0;1;0.25;0;1;1;0;0;0;1;0;0;1;140;0;1;0
0;1;49.58;19;0;0;1;0;0;1;0;1;0;0;0;0;0;0;0;0;0;0;0;0;0;0;0;0;0;1;0;0;0;0;0;1;0;1;1;0;1;0;0;1;94;0;1;0
1;0;27.67;1.5;0;0;1;0;0;1;0;0;0;0;0;0;0;0;0;0;0;1;0;0;0;0;0;0;0;0;0;0;1;2;0;1;1;0;0;0;1;0;1;0;368;0;1;0
0;1;39.83;0.5;0;0;1;0;0;1;0;0;0;0;0;0;0;0;0;0;0;1;0;0;0;0;0;0;0;0;0;0;1;0.25;0;1;1;0;0;0;1;0;1;0;288;0;1;0
0;1;27.25;0.625;0;0;1;0;0;1;0;0;1;0;0;0;0;0;0;0;0;0;0;0;0;0;0;0;0;0;0;0;1;0.455;0;1;1;0;0;1;0;0;0;1;200;0;1;0
0;1;37.17;4;0;0;1;0;0;1;0;0;0;0;0;0;0;1;0;0;0;0;0;0;0;0;0;0;0;0;1;0;0;5;0;1;1;0;0;1;0;0;1;0;280;0;1;0
0;1;25.67;2.21;0;1;0;0;1;0;0;0;1;0;0;0;0;0;0;0;0;0;0;0;0;0;0;0;0;0;0;0;1;4;0;1;1;0;0;0;1;0;0;1;188;0;1;0
0;1;34;4.5;0;0;1;0;0;1;0;0;1;0;0;0;0;0;0;0;0;0;0;0;0;0;0;0;0;0;0;0;1;1;0;1;1;0;0;1;0;0;0;1;240;0;1;0
1;0;49;1.5;0;0;1;0;0;1;1;0;0;0;0;0;0;0;0;0;0;0;0;0;0;0;0;0;1;0;0;0;0;0;0;1;1;0;0;1;0;0;0;1;100;27;1;0
0;1;62.5;12.75;0;1;0;0;1;0;0;0;0;0;0;0;0;1;0;0;0;0;0;0;0;0;0;0;0;0;0;1;0;5;0;1;1;0;0;0;1;0;0;1;112;0;1;0
0;1;31.42;15.5;0;0;1;0;0;1;0;0;0;0;0;0;0;1;0;0;0;0;0;0;0;0;0;0;0;0;0;0;1;0.5;0;1;1;0;0;0;1;0;0;1;120;0;1;0
0;1;52.33;1.375;0;1;0;0;1;0;0;0;0;0;0;0;0;1;0;0;0;0;0;0;0;0;0;0;0;0;0;1;0;9.46;0;1;1;0;0;1;0;0;0;1;200;100;1;0
0;1;28.75;1.5;0;1;0;0;1;0;0;0;0;0;0;0;0;1;0;0;0;0;0;0;0;0;0;0;0;0;0;0;1;1.5;0;1;1;0;0;1;0;0;0;1;0;225;1;0
1;0;28.58;3.54;0;0;1;0;0;1;0;0;0;0;1;0;0;0;0;0;0;0;0;0;0;0;0;0;0;0;1;0;0;0.5;0;1;1;0;0;1;0;0;0;1;171;0;1;0
0;1;23;0.625;0;1;0;0;1;0;0;0;1;0;0;0;0;0;0;0;0;0;0;0;0;0;0;0;0;0;0;0;1;0.125;0;1;1;0;0;0;1;0;0;1;180;1;1;0
1;0;22.5;11;0;1;0;0;1;0;0;0;0;0;0;0;0;0;0;0;0;0;1;0;0;0;0;0;0;0;0;0;1;3;0;1;1;0;0;1;0;0;0;1;268;0;1;0
1;0;28.5;1;0;0;1;0;0;1;0;0;0;0;0;0;0;0;0;0;0;0;1;0;0;0;0;0;0;0;0;0;1;1;0;1;0;1;2;1;0;0;0;1;167;500;1;0
0;1;37.5;1.75;0;1;0;0;1;0;0;0;0;0;0;0;0;1;0;0;0;0;0;0;0;0;0;0;0;0;1;0;0;0.25;0;1;1;0;0;1;0;0;0;1;164;400;1;0
0;1;35.25;16.5;0;1;0;0;1;0;0;0;0;0;0;0;0;1;0;0;0;0;0;0;0;0;0;0;0;0;0;0;1;4;0;1;1;0;0;0;1;0;0;1;80;0;1;0
0;1;18.67;5;0;0;1;0;0;1;0;0;0;0;0;0;0;0;0;0;0;0;1;0;0;0;0;0;0;0;0;0;1;0.375;0;1;0;1;2;0;1;0;0;1;0;38;1;0
0;1;25;12;0;0;1;0;0;1;0;0;0;0;0;0;0;0;1;0;0;0;0;0;0;0;0;0;0;0;0;0;1;2.25;0;1;0;1;2;1;0;0;0;1;120;5;1;0
0;1;27.83;4;0;1;0;0;1;0;0;0;0;0;1;0;0;0;0;0;0;0;0;0;0;0;0;0;0;0;0;1;0;5.75;0;1;0;1;2;1;0;0;0;1;75;0;1;0
0;1;54.83;15.5;0;0;1;0;0;1;0;0;0;1;0;0;0;0;0;0;0;0;0;0;0;0;0;1;0;0;0;0;0;0;0;1;0;1;20;0;1;0;0;1;152;130;1;0
0;1;28.75;1.165;0;0;1;0;0;1;0;0;0;0;0;0;0;0;1;0;0;0;0;0;0;0;0;0;0;0;0;0;1;0.5;0;1;1;0;0;0;1;0;1;0;280;0;1;0
1;0;25;11;0;1;0;0;1;0;0;0;1;0;0;0;0;0;0;0;0;0;0;0;0;0;0;0;0;0;0;0;1;4.5;0;1;1;0;0;0;1;0;0;1;120;0;1;0
0;1;40.92;2.25;0;1;0;0;1;0;0;0;0;0;0;1;0;0;0;0;0;0;0;0;0;0;0;0;0;0;0;1;0;10;0;1;1;0;0;1;0;0;0;1;176;0;1;0
1;0;19.75;0.75;0;0;1;0;0;1;0;0;0;0;0;0;0;1;0;0;0;0;0;0;0;0;0;0;0;0;0;0;1;0.795;0;1;0;1;5;1;0;0;0;1;140;5;1;0
0;1;29.17;3.5;0;0;1;0;0;1;0;0;0;0;0;0;0;0;0;0;0;0;0;1;0;0;0;0;0;0;0;0;1;3.5;0;1;0;1;3;1;0;0;0;1;329;0;1;0
1;0;24.5;1.04;0;1;0;0;1;0;0;1;0;0;0;0;0;0;0;0;0;0;0;0;0;0;0;0;0;1;0;0;0;0.5;0;1;0;1;3;0;1;0;0;1;180;147;1;0
0;1;24.58;12.5;0;0;1;0;0;1;0;0;0;0;0;0;0;0;0;0;0;0;0;1;0;0;0;0;0;0;0;0;1;0.875;0;1;1;0;0;1;0;0;0;1;260;0;1;0
1;0;33.75;0.75;0;0;1;0;0;1;0;0;0;0;0;0;0;0;1;0;0;0;0;0;0;0;0;0;0;0;1;0;0;1;0;1;0;1;3;1;0;0;0;1;212;0;1;0
0;1;20.67;1.25;0;1;0;0;1;0;0;0;0;0;0;0;0;1;0;0;0;0;0;0;0;0;0;0;0;0;0;1;0;1.375;0;1;0;1;3;1;0;0;0;1;140;210;1;0
1;0;25.42;1.125;0;0;1;0;0;1;0;0;0;0;0;0;0;0;0;0;0;0;1;0;0;0;0;0;0;0;0;0;1;1.29;0;1;0;1;2;0;1;0;0;1;200;0;1;0
0;1;37.75;7;0;0;1;0;0;1;0;0;0;0;0;0;0;0;0;0;0;0;1;0;0;0;0;0;0;0;0;1;0;11.5;0;1;0;1;7;1;0;0;0;1;300;5;1;0
0;1;52.5;6.5;0;0;1;0;0;1;0;0;0;0;0;0;0;0;1;0;0;0;0;0;0;0;0;0;0;0;0;0;1;6.29;0;1;0;1;15;0;1;0;0;1;0;11202;0;1
0;1;57.83;7.04;0;0;1;0;0;1;0;0;0;0;0;0;0;0;0;0;0;1;0;0;0;0;0;0;0;0;0;0;1;14;0;1;0;1;6;1;0;0;0;1;360;1332;0;1
1;0;20.75;10.335;0;0;1;0;0;1;0;0;0;0;0;0;0;0;0;1;0;0;0;0;0;0;0;0;0;0;0;1;0;0.335;0;1;0;1;1;1;0;0;0;1;80;50;0;1
0;1;39.92;6.21;0;0;1;0;0;1;0;0;0;0;0;0;0;0;0;0;0;0;1;0;0;0;0;0;0;0;0;0;1;0.04;0;1;0;1;1;0;1;0;0;1;200;300;0;1
0;1;25.67;12.5;0;0;1;0;0;1;0;0;0;0;0;0;0;0;0;1;0;0;0;0;0;0;0;0;0;0;0;0;1;1.21;0;1;0;1;67;1;0;0;0;1;140;258;0;1
1;0;24.75;12.5;0;0;1;0;0;1;0;0;1;0;0;0;0;0;0;0;0;0;0;0;0;0;0;0;0;0;0;0;1;1.5;0;1;0;1;12;1;0;0;0;1;120;567;0;1
1;0;44.17;6.665;0;0;1;0;0;1;0;0;0;0;0;0;0;0;0;0;0;0;1;0;0;0;0;0;0;0;0;0;1;7.375;0;1;0;1;3;1;0;0;0;1;0;0;0;1
1;0;23.5;9;0;0;1;0;0;1;0;0;0;0;0;0;0;0;0;0;0;0;1;0;0;0;0;0;0;0;0;0;1;8.5;0;1;0;1;5;1;0;0;0;1;120;0;0;1
0;1;34.92;5;0;0;1;0;0;1;0;0;0;0;0;1;0;0;0;0;0;0;0;0;0;0;0;0;0;0;0;1;0;7.5;0;1;0;1;6;1;0;0;0;1;0;1000;0;1
0;1;47.67;2.5;0;0;1;0;0;1;0;0;0;0;0;0;0;0;0;0;0;1;0;0;0;0;0;0;0;0;1;0;0;2.5;0;1;0;1;12;1;0;0;0;1;410;2510;0;1
0;1;22.75;11;0;0;1;0;0;1;0;0;0;0;0;0;0;0;0;0;0;0;1;0;0;0;0;0;0;0;0;0;1;2.5;0;1;0;1;7;1;0;0;0;1;100;809;0;1
0;1;34.42;4.25;0;0;1;0;0;1;0;0;0;0;1;0;0;0;0;0;0;0;0;0;0;0;0;0;0;0;1;0;0;3.25;0;1;0;1;2;0;1;0;0;1;274;610;0;1
1;0;28.42;3.5;0;0;1;0;0;1;0;0;0;0;0;0;0;0;0;0;0;0;0;1;0;0;0;0;0;0;0;0;1;0.835;0;1;1;0;0;0;1;0;1;0;280;0;0;1
0;1;67.75;5.5;0;0;1;0;0;1;0;0;0;1;0;0;0;0;0;0;0;0;0;0;0;0;0;1;0;0;0;0;0;13;0;1;0;1;1;1;0;0;0;1;0;0;0;1
0;1;20.42;1.835;0;0;1;0;0;1;0;0;0;0;0;0;0;1;0;0;0;0;0;0;0;0;0;0;0;0;0;0;1;2.25;0;1;0;1;1;0;1;0;0;1;100;150;0;1
1;0;47.42;8;0;0;1;0;0;1;0;0;0;1;0;0;0;0;0;0;0;0;0;0;0;0;0;0;0;0;1;0;0;6.5;0;1;0;1;6;0;1;0;0;1;375;51100;0;1
0;1;36.25;5;0;0;1;0;0;1;0;0;0;0;0;0;0;1;0;0;0;0;0;0;0;0;0;0;0;0;1;0;0;2.5;0;1;0;1;6;0;1;0;0;1;0;367;0;1
0;1;32.67;5.5;0;0;1;0;0;1;0;0;0;0;0;0;0;0;0;0;0;0;1;0;0;0;0;0;0;0;0;1;0;5.5;0;1;0;1;12;1;0;0;0;1;408;1000;0;1
0;1;48.58;6.5;0;0;1;0;0;1;0;0;0;0;0;0;0;0;0;0;0;0;1;0;0;0;0;0;0;0;0;1;0;6;0;1;1;0;0;1;0;0;0;1;350;0;0;1
0;1;39.92;0.54;0;1;0;0;1;0;0;0;1;0;0;0;0;0;0;0;0;0;0;0;0;0;0;0;0;0;0;0;1;0.5;0;1;0;1;3;0;1;0;0;1;200;1000;0;1
0;1;33.58;2.75;0;0;1;0;0;1;0;0;0;0;0;0;0;0;0;0;0;1;0;0;0;0;0;0;0;0;0;0;1;4.25;0;1;0;1;6;0;1;0;0;1;204;0;0;1
1;0;18.83;9.5;0;0;1;0;0;1;0;0;0;0;0;0;0;0;0;0;0;0;0;1;0;0;0;0;0;0;0;0;1;1.625;0;1;0;1;6;1;0;0;0;1;40;600;0;1
1;0;26.92;13.5;0;0;1;0;0;1;0;0;0;0;0;0;0;0;0;0;0;0;1;0;0;0;0;0;0;0;0;1;0;5;0;1;0;1;2;0;1;0;0;1;0;5000;0;1
1;0;31.25;3.75;0;0;1;0;0;1;0;0;0;0;0;0;0;0;0;1;0;0;0;0;0;0;0;0;0;0;0;1;0;0.625;0;1;0;1;9;1;0;0;0;1;181;0;0;1
1;0;56.5;16;0;0;1;0;0;1;1;0;0;0;0;0;0;0;0;0;0;0;0;0;0;0;0;0;0;1;0;0;0;0;0;1;0;1;15;0;1;0;0;1;0;247;0;1
0;1;43;0.29;0;1;0;0;1;0;0;0;0;0;0;0;0;0;0;1;0;0;0;0;0;0;0;0;0;0;0;1;0;1.75;0;1;0;1;8;0;1;0;0;1;100;375;0;1
0;1;22.33;11;0;0;1;0;0;1;0;0;0;0;0;0;0;0;0;0;0;0;0;1;0;0;0;0;0;0;0;0;1;2;0;1;0;1;1;0;1;0;0;1;80;278;0;1
0;1;27.25;1.665;0;0;1;0;0;1;0;0;0;0;0;0;0;0;0;1;0;0;0;0;0;0;0;0;0;0;0;1;0;5.085;0;1;0;1;9;0;1;0;0;1;399;827;0;1
0;1;32.83;2.5;0;0;1;0;0;1;0;0;0;0;0;0;0;0;0;1;0;0;0;0;0;0;0;0;0;0;0;1;0;2.75;0;1;0;1;6;0;1;0;0;1;160;2072;0;1
0;1;23.25;1.5;0;0;1;0;0;1;0;0;0;0;0;0;0;0;0;0;0;0;1;0;0;0;0;0;0;0;0;0;1;2.375;0;1;0;1;3;1;0;0;0;1;0;582;0;1
1;0;40.33;7.54;0;1;0;0;1;0;0;0;0;0;0;0;0;0;0;0;0;0;1;0;0;0;0;0;0;0;0;1;0;8;0;1;0;1;14;0;1;0;0;1;0;2300;0;1
1;0;30.5;6.5;0;0;1;0;0;1;0;0;0;0;0;0;0;1;0;0;0;0;0;0;0;0;0;0;0;0;1;0;0;4;0;1;0;1;7;1;0;0;0;1;0;3065;0;1
1;0;52.83;15;0;0;1;0;0;1;0;0;0;0;0;0;0;1;0;0;0;0;0;0;0;0;0;0;0;0;0;0;1;5.5;0;1;0;1;14;0;1;0;0;1;0;2200;0;1
1;0;46.67;0.46;0;0;1;0;0;1;0;0;0;0;0;0;0;0;0;1;0;0;0;0;0;0;0;0;0;0;0;1;0;0.415;0;1;0;1;11;1;0;0;0;1;440;6;0;1
1;0;58.33;10;0;0;1;0;0;1;0;0;0;0;0;0;0;0;0;0;0;0;1;0;0;0;0;0;0;0;0;0;1;4;0;1;0;1;14;0;1;0;0;1;0;1602;0;1
0;1;37.33;6.5;0;0;1;0;0;1;0;0;0;0;0;0;0;0;0;0;0;1;0;0;0;0;0;0;0;0;0;1;0;4.25;0;1;0;1;12;1;0;0;0;1;93;0;0;1
0;1;23.08;2.5;0;0;1;0;0;1;0;0;0;0;0;0;0;1;0;0;0;0;0;0;0;0;0;0;0;0;0;0;1;1.085;0;1;0;1;11;1;0;0;0;1;60;2184;0;1
0;1;32.75;1.5;0;0;1;0;0;1;0;0;0;0;0;0;0;0;0;1;0;0;0;0;0;0;0;0;0;0;0;1;0;5.5;0;1;0;1;3;1;0;0;0;1;0;0;0;1
1;0;21.67;11.5;0;1;0;0;1;0;1;0;0;0;0;0;0;0;0;0;0;0;0;0;0;0;0;0;1;0;0;0;0;0;0;1;0;1;11;1;0;0;0;1;0;0;0;1
1;0;28.5;3.04;0;1;0;0;1;0;0;0;0;0;0;1;0;0;0;0;0;0;0;0;0;0;0;0;0;0;0;1;0;2.54;0;1;0;1;1;0;1;0;0;1;70;0;0;1
1;0;68.67;15;0;0;1;0;0;1;0;0;0;1;0;0;0;0;0;0;0;0;0;0;0;0;0;1;0;0;0;0;0;0;0;1;0;1;14;0;1;0;0;1;0;3376;0;1
0;1;28;2;0;0;1;0;0;1;0;0;0;0;0;0;0;0;1;0;0;0;0;0;0;0;0;0;0;0;0;1;0;4.165;0;1;0;1;2;1;0;0;0;1;181;0;0;1
0;1;34.08;0.08;0;1;0;0;1;0;0;0;0;0;0;0;0;0;0;0;0;1;0;0;0;0;0;0;0;0;1;0;0;0.04;0;1;0;1;1;1;0;0;0;1;280;2000;0;1
0;1;27.67;2;0;0;1;0;0;1;0;0;0;0;0;1;0;0;0;0;0;0;0;0;0;0;0;0;0;0;0;1;0;1;0;1;0;1;4;0;1;0;0;1;140;7544;0;1
0;1;44;2;0;0;1;0;0;1;0;0;0;0;0;0;0;0;0;0;0;1;0;0;0;0;0;0;0;0;0;0;1;1.75;0;1;0;1;2;1;0;0;0;1;0;15;0;1
0;1;25.08;1.71;0;0;1;0;0;1;0;0;0;0;0;1;0;0;0;0;0;0;0;0;0;0;0;0;0;0;0;0;1;1.665;0;1;0;1;1;1;0;0;0;1;395;20;0;1
0;1;32;1.75;0;1;0;0;1;0;0;0;0;1;0;0;0;0;0;0;0;0;0;0;0;0;0;0;0;0;0;1;0;0.04;0;1;1;0;0;1;0;0;0;1;393;0;0;1
1;0;60.58;16.5;0;0;1;0;0;1;0;0;0;0;0;0;0;0;0;0;0;0;1;0;0;0;0;0;0;0;0;0;1;11;0;1;1;0;0;1;0;0;0;1;21;10561;0;1
1;0;40.83;10;0;0;1;0;0;1;0;0;0;0;0;0;0;0;0;0;0;0;1;0;0;0;0;0;0;0;0;1;0;1.75;0;1;1;0;0;0;1;0;0;1;29;837;0;1
0;1;19.33;9.5;0;0;1;0;0;1;0;0;0;0;0;0;0;0;0;0;0;0;1;0;0;0;0;0;0;0;0;0;1;1;0;1;1;0;0;1;0;0;0;1;60;400;0;1
1;0;32.33;0.54;0;0;1;0;0;1;0;0;0;0;0;0;0;0;0;1;0;0;0;0;0;0;0;0;0;0;0;0;1;0.04;0;1;1;0;0;0;1;0;0;1;440;11177;0;1
0;1;36.67;3.25;0;0;1;0;0;1;0;0;0;0;0;0;0;0;0;0;0;0;1;0;0;0;0;0;0;0;0;1;0;9;0;1;1;0;0;1;0;0;0;1;102;639;0;1
0;1;37.5;1.125;0;1;0;0;1;0;0;0;0;0;0;0;1;0;0;0;0;0;0;0;0;0;0;0;0;0;0;0;1;1.5;1;0;1;0;0;1;0;0;0;1;431;0;0;1
1;0;25.08;2.54;0;1;0;0;1;0;0;0;1;0;0;0;0;0;0;0;0;0;0;0;0;0;0;0;0;0;0;0;1;0.25;0;1;1;0;0;1;0;0;0;1;370;0;0;1
0;1;41.33;0;0;0;1;0;0;1;0;0;0;0;0;0;0;1;0;0;0;0;0;0;0;0;0;0;0;0;1;0;0;15;0;1;1;0;0;0;1;0;0;1;0;0;0;1
0;1;56;12.5;0;0;1;0;0;1;0;0;0;0;0;0;0;0;1;0;0;0;0;0;0;0;0;0;0;0;0;1;0;8;0;1;1;0;0;1;0;0;0;1;24;2028;0;1
1;0;49.83;13.585;0;0;1;0;0;1;0;0;0;0;0;0;0;0;1;0;0;0;0;0;0;0;0;0;0;0;0;1;0;8.5;0;1;1;0;0;1;0;0;0;1;0;0;0;1
0;1;22.67;10.5;0;0;1;0;0;1;0;0;0;0;0;0;0;0;0;0;0;0;1;0;0;0;0;0;0;0;0;1;0;1.335;0;1;1;0;0;0;1;0;0;1;100;0;0;1
0;1;27;1.5;0;1;0;0;1;0;0;0;0;0;0;0;0;0;0;0;0;0;0;1;0;0;0;0;0;0;0;0;1;0.375;0;1;1;0;0;1;0;0;0;1;260;1065;0;1
0;1;25;12.5;0;0;1;0;0;1;0;0;1;0;0;0;0;0;0;0;0;0;0;0;0;0;0;0;0;0;0;0;1;3;0;1;1;0;0;1;0;0;1;0;20;0;0;1
1;0;26.08;8.665;0;0;1;0;0;1;0;0;1;0;0;0;0;0;0;0;0;0;0;0;0;0;0;0;0;0;0;0;1;1.415;0;1;1;0;0;0;1;0;0;1;160;150;0;1
1;0;18.42;9.25;0;0;1;0;0;1;0;0;0;0;0;0;0;0;0;0;0;0;1;0;0;0;0;0;0;0;0;0;1;1.21;0;1;0;1;4;0;1;0;0;1;60;540;0;1
0;1;20.17;8.17;0;0;1;0;0;1;0;0;1;0;0;0;0;0;0;0;0;0;0;0;0;0;0;0;0;0;0;0;1;1.96;0;1;0;1;14;0;1;0;0;1;60;158;0;1
0;1;47.67;0.29;0;0;1;0;0;1;0;0;0;0;0;0;0;1;0;0;0;0;0;0;0;0;0;0;0;0;1;0;0;15;0;1;0;1;20;0;1;0;0;1;0;15000;0;1
1;0;21.25;2.335;0;0;1;0;0;1;0;0;0;0;1;0;0;0;0;0;0;0;0;0;0;0;0;0;0;0;1;0;0;0.5;0;1;0;1;4;0;1;0;1;0;80;0;0;1
1;0;20.67;3;0;0;1;0;0;1;0;0;0;0;0;0;0;0;0;0;0;0;1;0;0;0;0;0;0;0;0;0;1;0.165;0;1;0;1;3;0;1;0;0;1;100;6;0;1
1;0;57.08;19.5;0;0;1;0;0;1;0;0;0;0;0;0;0;1;0;0;0;0;0;0;0;0;0;0;0;0;0;0;1;5.5;0;1;0;1;7;0;1;0;0;1;0;3000;0;1
1;0;22.42;5.665;0;0;1;0;0;1;0;0;0;0;0;0;0;0;0;0;0;0;1;0;0;0;0;0;0;0;0;0;1;2.585;0;1;0;1;7;0;1;0;0;1;129;3257;0;1
0;1;48.75;8.5;0;0;1;0;0;1;0;0;0;0;0;0;0;1;0;0;0;0;0;0;0;0;0;0;0;0;0;1;0;12.5;0;1;0;1;9;0;1;0;0;1;181;1655;0;1
0;1;40;6.5;0;0;1;0;0;1;0;0;1;0;0;0;0;0;0;0;0;0;0;0;0;0;0;0;0;0;1;0;0;3.5;0;1;0;1;1;0;1;0;0;1;0;500;0;1
0;1;40.58;5;0;0;1;0;0;1;0;0;0;0;0;0;0;1;0;0;0;0;0;0;0;0;0;0;0;0;0;0;1;5;0;1;0;1;7;0;1;0;0;1;0;3065;0;1
1;0;28.67;1.04;0;0;1;0;0;1;0;0;0;0;0;0;0;1;0;0;0;0;0;0;0;0;0;0;0;0;0;0;1;2.5;0;1;0;1;5;1;0;0;0;1;300;1430;0;1
1;0;33.08;4.625;0;0;1;0;0;1;0;0;0;0;0;0;0;0;0;0;0;0;1;0;0;0;0;0;0;0;0;1;0;1.625;0;1;0;1;2;0;1;0;0;1;0;0;0;1
0;1;21.33;10.5;0;0;1;0;0;1;0;0;0;0;0;0;0;1;0;0;0;0;0;0;0;0;0;0;0;0;0;0;1;3;0;1;1;0;0;1;0;0;0;1;0;0;0;1
0;1;42;0.205;0;0;1;0;0;1;0;0;0;0;1;0;0;0;0;0;0;0;0;0;0;0;0;0;0;0;0;1;0;5.125;0;1;1;0;0;0;1;0;0;1;400;0;0;1
0;1;41.75;0.96;0;0;1;0;0;1;0;0;0;0;0;1;0;0;0;0;0;0;0;0;0;0;0;0;0;0;0;0;1;2.5;0;1;1;0;0;0;1;0;0;1;510;600;0;1
0;1;22.67;1.585;0;1;0;0;1;0;0;0;0;0;0;0;0;0;0;0;0;0;0;1;0;0;0;0;0;0;0;0;1;3.085;0;1;0;1;6;0;1;0;0;1;80;0;0;1
0;1;34.5;4.04;0;1;0;0;1;0;0;0;0;0;1;0;0;0;0;0;0;0;0;0;0;0;0;0;0;0;1;0;0;8.5;0;1;0;1;7;1;0;0;0;1;195;0;0;1
0;1;28.25;5.04;0;1;0;0;1;0;0;0;0;0;0;0;0;1;0;0;0;0;0;0;0;0;0;0;0;0;1;0;0;1.5;0;1;0;1;8;1;0;0;0;1;144;7;0;1
0;1;33.17;3.165;0;1;0;0;1;0;0;0;0;0;0;1;0;0;0;0;0;0;0;0;0;0;0;0;0;0;0;0;1;3.165;0;1;0;1;3;1;0;0;0;1;380;0;0;1
0;1;48.17;7.625;0;0;1;0;0;1;0;0;0;0;0;0;0;0;0;0;0;0;0;1;0;0;0;0;0;0;0;1;0;15.5;0;1;0;1;12;0;1;0;0;1;0;790;0;1
0;1;27.58;2.04;0;1;0;0;1;0;0;0;1;0;0;0;0;0;0;0;0;0;0;0;0;0;0;0;0;0;0;0;1;2;0;1;0;1;3;1;0;0;0;1;370;560;0;1
0;1;22.58;10.04;0;0;1;0;0;1;0;0;0;0;0;1;0;0;0;0;0;0;0;0;0;0;0;0;0;0;0;0;1;0.04;0;1;0;1;9;0;1;0;0;1;60;396;0;1
1;0;24.08;0.5;0;0;1;0;0;1;0;0;0;0;0;0;0;0;0;0;0;0;1;0;0;0;0;0;0;0;0;1;0;1.25;0;1;0;1;1;0;1;0;0;1;0;678;0;1
1;0;41.33;1;0;0;1;0;0;1;0;0;0;0;1;0;0;0;0;0;0;0;0;0;0;0;0;0;0;0;1;0;0;2.25;0;1;1;0;0;1;0;0;0;1;0;300;0;1
1;0;20.75;10.25;0;0;1;0;0;1;0;0;0;0;0;0;0;0;0;0;0;0;1;0;0;0;0;0;0;0;0;0;1;0.71;0;1;0;1;2;1;0;0;0;1;49;0;0;1
0;1;36.33;2.125;0;1;0;0;1;0;0;0;0;0;0;0;0;0;0;0;0;0;0;1;0;0;0;0;0;0;0;0;1;0.085;0;1;0;1;1;0;1;0;0;1;50;1187;0;1
1;0;35.42;12;0;0;1;0;0;1;0;0;0;0;0;0;0;0;0;0;0;0;1;0;0;0;0;0;0;0;0;1;0;14;0;1;0;1;8;0;1;0;0;1;0;6590;0;1
0;1;28.67;9.335;0;0;1;0;0;1;0;0;0;0;0;0;0;0;0;0;0;0;1;0;0;0;0;0;0;0;0;1;0;5.665;0;1;0;1;6;0;1;0;0;1;381;168;0;1
0;1;35.17;2.5;0;0;1;0;0;1;0;0;0;0;0;0;0;0;1;0;0;0;0;0;0;0;0;0;0;0;0;0;1;4.5;0;1;0;1;7;0;1;0;0;1;150;1270;0;1
0;1;39.5;4.25;0;0;1;0;0;1;0;0;0;0;0;0;0;1;0;0;0;0;0;0;0;0;0;0;0;0;1;0;0;6.5;0;1;0;1;16;0;1;0;0;1;117;1210;0;1
0;1;39.33;5.875;0;0;1;0;0;1;0;0;0;0;0;0;0;0;0;1;0;0;0;0;0;0;0;0;0;0;0;1;0;10;0;1;0;1;14;1;0;0;0;1;399;0;0;1
0;1;24.33;6.625;0;1;0;0;1;0;0;0;0;0;0;0;1;0;0;0;0;0;0;0;0;0;0;0;0;0;0;0;1;5.5;0;1;1;0;0;1;0;0;1;0;100;0;0;1
0;1;60.08;14.5;0;0;1;0;0;1;0;1;0;0;0;0;0;0;0;0;0;0;0;0;0;0;0;0;0;1;0;0;0;18;0;1;0;1;15;1;0;0;0;1;0;1000;0;1
0;1;23.08;11.5;0;0;1;0;0;1;0;0;0;0;1;0;0;0;0;0;0;0;0;0;0;0;0;0;0;0;0;0;1;3.5;0;1;0;1;9;0;1;0;0;1;56;742;0;1
0;1;26.67;2.71;0;1;0;0;1;0;0;0;0;0;0;0;0;0;0;1;0;0;0;0;0;0;0;0;0;0;0;0;1;5.25;0;1;0;1;1;0;1;0;0;1;211;0;0;1
0;1;48.17;3.5;0;0;1;0;0;1;0;0;1;0;0;0;0;0;0;0;0;0;0;0;0;0;0;0;0;0;0;0;1;3.5;0;1;1;0;0;0;1;0;1;0;230;0;0;1
0;1;41.17;4.04;0;0;1;0;0;1;0;0;0;0;0;0;0;0;0;1;0;0;0;0;0;0;0;0;0;0;0;1;0;7;0;1;0;1;8;0;1;0;0;1;320;0;0;1
0;1;55.92;11.5;0;0;1;0;0;1;0;1;0;0;0;0;0;0;0;0;0;0;0;0;0;0;0;0;0;1;0;0;0;5;0;1;0;1;5;0;1;0;0;1;0;8851;0;1
0;1;53.92;9.625;0;0;1;0;0;1;0;0;0;1;0;0;0;0;0;0;0;0;0;0;0;0;0;0;0;0;0;0;1;8.665;0;1;0;1;5;0;1;0;0;1;0;0;0;1
1;0;18.92;9.25;0;1;0;0;1;0;0;0;0;0;0;0;0;1;0;0;0;0;0;0;0;0;0;0;0;0;0;0;1;1;0;1;0;1;4;1;0;0;0;1;80;500;0;1
1;0;50.08;12.54;0;0;1;0;0;1;0;0;1;0;0;0;0;0;0;0;0;0;0;0;0;0;0;0;0;0;0;0;1;2.29;0;1;0;1;3;1;0;0;0;1;156;0;0;1
0;1;65.42;11;0;0;1;0;0;1;0;0;0;1;0;0;0;0;0;0;0;0;0;0;0;0;0;1;0;0;0;0;0;20;0;1;0;1;7;1;0;0;0;1;22;0;0;1
1;0;17.58;9;0;0;1;0;0;1;0;0;1;0;0;0;0;0;0;0;0;0;0;0;0;0;0;0;0;0;0;0;1;1.375;0;1;1;0;0;1;0;0;0;1;0;0;0;1
1;0;18.83;9.54;0;0;1;0;0;1;0;0;1;0;0;0;0;0;0;0;0;0;0;0;0;0;0;0;0;0;0;0;1;0.085;0;1;1;0;0;0;1;0;0;1;100;0;0;1
1;0;37.75;5.5;0;0;1;0;0;1;0;0;0;0;0;0;0;0;0;0;0;0;1;0;0;0;0;0;0;0;0;0;1;0.125;0;1;1;0;0;1;0;0;0;1;228;0;0;1
0;1;23.25;4;0;0;1;0;0;1;0;0;0;0;0;0;0;1;0;0;0;0;0;0;0;0;0;0;0;0;1;0;0;0.25;0;1;1;0;0;1;0;0;0;1;160;0;0;1
0;1;18.08;5.5;0;0;1;0;0;1;0;0;0;0;0;0;0;0;1;0;0;0;0;0;0;0;0;0;0;0;0;0;1;0.5;0;1;1;0;0;0;1;0;0;1;80;0;0;1
1;0;22.5;8.46;0;1;0;0;1;0;0;0;0;0;0;1;0;0;0;0;0;0;0;0;0;0;0;0;0;0;0;0;1;2.46;1;0;1;0;0;0;1;0;0;1;164;0;0;1
0;1;19.67;0.375;0;0;1;0;0;1;0;0;0;0;0;0;0;0;0;0;0;0;1;0;0;0;0;0;0;0;0;0;1;2;0;1;0;1;2;1;0;0;0;1;80;0;0;1
0;1;22.08;11;0;0;1;0;0;1;0;0;0;0;0;0;0;0;0;1;0;0;0;0;0;0;0;0;0;0;0;0;1;0.665;0;1;1;0;0;0;1;0;0;1;100;0;0;1
0;1;25.17;3.5;0;0;1;0;0;1;0;0;0;0;0;0;0;0;0;1;0;0;0;0;0;0;0;0;0;0;0;0;1;0.625;0;1;0;1;7;0;1;0;0;1;0;7059;0;1
1;0;47.42;3;0;0;1;0;0;1;0;0;0;0;0;1;0;0;0;0;0;0;0;0;0;0;0;0;0;0;0;0;1;13.875;0;1;0;1;2;1;0;0;0;1;519;1704;0;1
0;1;33.5;1.75;0;0;1;0;0;1;0;0;0;0;0;1;0;0;0;0;0;0;0;0;0;0;0;0;0;0;0;1;0;4.5;0;1;0;1;4;1;0;0;0;1;253;857;0;1
0;1;27.67;13.75;0;0;1;0;0;1;0;0;0;0;0;0;0;0;0;0;0;0;0;1;0;0;0;0;0;0;0;0;1;5.75;0;1;1;0;0;1;0;0;0;1;487;500;0;1
1;0;58.42;21;0;0;1;0;0;1;0;0;0;0;1;0;0;0;0;0;0;0;0;0;0;0;0;0;0;0;1;0;0;10;0;1;0;1;13;0;1;0;0;1;0;6700;0;1
1;0;20.67;1.835;0;0;1;0;0;1;0;0;0;0;0;0;0;0;0;0;0;0;1;0;0;0;0;0;0;0;0;0;1;2.085;0;1;0;1;5;0;1;0;0;1;220;2503;0;1
0;1;26.17;0.25;0;0;1;0;0;1;0;0;0;0;1;0;0;0;0;0;0;0;0;0;0;0;0;0;0;0;1;0;0;0;0;1;1;0;0;1;0;0;0;1;0;0;0;1
0;1;21.33;7.5;0;0;1;0;0;1;0;0;1;0;0;0;0;0;0;0;0;0;0;0;0;0;0;0;0;0;0;0;1;1.415;0;1;0;1;1;0;1;0;0;1;80;9800;0;1
0;1;42.83;4.625;0;0;1;0;0;1;0;0;0;0;0;0;0;0;0;0;0;0;1;0;0;0;0;0;0;0;0;0;1;4.58;0;1;1;0;0;0;1;0;1;0;0;0;0;1
0;1;38.17;10.125;0;0;1;0;0;1;0;0;0;0;0;1;0;0;0;0;0;0;0;0;0;0;0;0;0;0;0;0;1;2.5;0;1;0;1;6;0;1;0;0;1;520;196;0;1
0;1;20.5;10;0;1;0;0;1;0;0;0;0;0;0;0;0;1;0;0;0;0;0;0;0;0;0;0;0;0;0;0;1;2.5;0;1;1;0;0;0;1;0;1;0;40;0;0;1
0;1;48.25;25.085;0;0;1;0;0;1;0;0;0;0;0;0;0;0;0;0;0;0;0;1;0;0;0;0;0;0;0;0;1;1.75;0;1;0;1;3;0;1;0;0;1;120;14;0;1
0;1;28.33;5;0;0;1;0;0;1;0;0;0;0;0;0;0;0;0;0;0;0;0;1;0;0;0;0;0;0;0;0;1;11;0;1;1;0;0;1;0;0;0;1;70;0;0;1
0;1;18.5;2;0;0;1;0;0;1;0;0;0;0;1;0;0;0;0;0;0;0;0;0;0;0;0;0;0;0;0;0;1;1.5;0;1;0;1;2;0;1;0;0;1;120;300;0;1
0;1;33.17;3.04;0;1;0;0;1;0;0;0;0;0;0;0;0;1;0;0;0;0;0;0;0;0;0;0;0;0;0;1;0;2.04;0;1;0;1;1;1;0;0;0;1;180;18027;0;1
0;1;45;8.5;0;0;1;0;0;1;0;0;0;0;0;0;0;0;0;1;0;0;0;0;0;0;0;0;0;0;0;1;0;14;0;1;0;1;1;1;0;0;0;1;88;2000;0;1
1;0;19.67;0.21;0;0;1;0;0;1;0;0;0;0;0;0;0;0;0;0;0;0;1;0;0;0;0;0;0;0;0;1;0;0.29;0;1;0;1;11;0;1;0;0;1;80;99;0;1
0;1;21.83;11;0;0;1;0;0;1;0;0;0;0;0;1;0;0;0;0;0;0;0;0;0;0;0;0;0;0;0;0;1;0.29;0;1;0;1;6;0;1;0;0;1;121;0;0;1
0;1;40.25;21.5;0;0;1;0;0;1;0;0;0;1;0;0;0;0;0;0;0;0;0;0;0;0;0;1;0;0;0;0;0;20;0;1;0;1;11;0;1;0;0;1;0;1200;0;1
0;1;41.42;5;0;0;1;0;0;1;0;0;0;0;0;0;0;0;0;0;0;0;1;0;0;0;0;0;0;0;0;1;0;5;0;1;0;1;6;1;0;0;0;1;470;0;0;1
1;0;17.83;11;0;0;1;0;0;1;0;0;0;0;0;1;0;0;0;0;0;0;0;0;0;0;0;0;0;0;0;1;0;1;0;1;0;1;11;0;1;0;0;1;0;3000;0;1
0;1;23.17;11.125;0;0;1;0;0;1;0;0;0;0;0;1;0;0;0;0;0;0;0;0;0;0;0;0;0;0;0;1;0;0.46;0;1;0;1;1;0;1;0;0;1;100;0;0;1
0;1;18.17;10.25;0;0;1;0;0;1;0;0;0;0;0;0;0;1;0;0;0;0;0;0;0;0;0;0;0;0;0;1;0;1.085;1;0;1;0;0;0;1;0;0;1;320;13;1;0
0;1;20;11.045;0;0;1;0;0;1;0;0;0;0;0;0;0;1;0;0;0;0;0;0;0;0;0;0;0;0;0;0;1;2;1;0;1;0;0;1;0;0;0;1;136;0;1;0
0;1;20;0;0;0;1;0;0;1;0;0;0;0;0;0;1;0;0;0;0;0;0;0;0;0;0;0;0;0;0;0;1;0.5;1;0;1;0;0;0;1;0;0;1;144;0;1;0
1;0;20.75;9.54;0;0;1;0;0;1;0;0;0;0;1;0;0;0;0;0;0;0;0;0;0;0;0;0;0;0;0;0;1;0.04;1;0;1;0;0;0;1;0;0;1;200;1000;1;0
1;0;24.5;1.75;0;1;0;0;1;0;0;0;0;0;0;0;0;1;0;0;0;0;0;0;0;0;0;0;0;0;0;0;1;0.165;1;0;1;0;0;0;1;0;0;1;132;0;1;0
0;1;32.75;2.335;0;0;1;0;0;1;0;0;0;0;0;0;1;0;0;0;0;0;0;0;0;0;0;0;0;0;0;1;0;5.75;1;0;1;0;0;1;0;0;0;1;292;0;1;0
1;0;52.17;0;0;1;0;0;1;0;0;1;0;0;0;0;0;0;0;0;0;0;0;0;0;0;0;0;0;1;0;0;0;0;1;0;1;0;0;0;1;0;0;1;0;0;1;0
1;0;48.17;1.335;0;0;1;0;0;1;0;0;0;0;1;0;0;0;0;0;0;0;0;0;0;0;1;0;0;0;0;0;0;0.335;1;0;1;0;0;0;1;0;0;1;0;120;1;0
1;0;20.42;10.5;0;1;0;0;1;0;0;0;0;0;0;1;0;0;0;0;0;0;0;0;0;0;0;0;0;0;0;1;0;0;1;0;1;0;0;1;0;0;0;1;154;32;1;0
0;1;50.75;0.585;0;0;1;0;0;1;0;1;0;0;0;0;0;0;0;0;0;0;0;0;0;0;0;0;0;1;0;0;0;0;1;0;1;0;0;0;1;0;0;1;145;0;1;0
0;1;17.08;0.085;0;1;0;0;1;0;0;0;0;0;0;0;0;1;0;0;0;0;0;0;0;0;0;0;0;0;0;0;1;0.04;1;0;1;0;0;0;1;0;0;1;140;722;1;0
0;1;18.33;1.21;0;1;0;0;1;0;0;0;0;1;0;0;0;0;0;0;0;0;0;0;0;1;0;0;0;0;0;0;0;0;1;0;1;0;0;0;1;0;0;1;100;0;1;0
1;0;32;6;0;0;1;0;0;1;0;0;0;0;0;0;1;0;0;0;0;0;0;0;0;0;0;0;0;0;0;0;1;1.25;1;0;1;0;0;0;1;0;0;1;272;0;1;0
0;1;59.67;1.54;0;0;1;0;0;1;0;0;0;0;0;0;0;0;0;0;0;0;1;0;0;0;0;0;0;0;0;0;1;0.125;0;1;1;0;0;1;0;0;0;1;260;0;0;1
0;1;18;0.165;0;0;1;0;0;1;0;0;0;0;0;0;0;0;0;0;0;0;1;0;1;0;0;0;0;0;0;0;0;0.21;1;0;1;0;0;0;1;0;0;1;200;40;0;1
0;1;32.33;2.5;0;0;1;0;0;1;0;0;0;0;0;0;0;1;0;0;0;0;0;0;0;0;0;0;0;0;0;0;1;1.25;1;0;1;0;0;1;0;0;0;1;280;0;1;0
0;1;18.08;6.75;0;1;0;0;1;0;0;0;0;0;0;0;0;0;0;0;0;1;0;0;0;0;0;0;0;0;0;0;1;0.04;1;0;1;0;0;0;1;0;0;1;140;0;1;0
0;1;38.25;10.125;0;1;0;0;1;0;0;0;0;0;0;0;0;0;1;0;0;0;0;0;0;0;0;0;0;0;0;0;1;0.125;1;0;1;0;0;0;1;0;0;1;160;0;1;0
0;1;30.67;2.5;0;0;1;0;0;1;0;0;0;0;0;0;0;0;0;1;0;0;0;0;0;0;0;0;0;0;0;1;0;2.25;1;0;1;0;0;1;0;0;1;0;340;0;1;0
0;1;18.58;5.71;0;0;1;0;0;1;0;0;0;0;0;0;1;0;0;0;0;0;0;0;0;0;0;0;0;0;0;0;1;0.54;1;0;1;0;0;0;1;0;0;1;120;0;1;0
1;0;19.17;5.415;0;0;1;0;0;1;0;0;0;0;1;0;0;0;0;0;0;0;0;0;0;0;0;0;0;0;0;1;0;0.29;1;0;1;0;0;0;1;0;0;1;80;484;1;0
1;0;18.17;10;0;1;0;0;1;0;0;0;0;0;0;0;0;0;0;0;0;0;1;0;0;0;0;0;0;0;0;1;0;0.165;1;0;1;0;0;0;1;0;0;1;340;0;1;0
0;1;16.25;0.835;0;0;1;0;0;1;0;0;0;0;0;0;0;0;0;0;0;1;0;0;0;0;0;0;0;0;0;0;1;0.085;0;1;1;0;0;0;1;0;1;0;200;0;1;0
0;1;21.17;0.875;0;1;0;0;1;0;0;0;0;0;0;0;0;1;0;0;0;0;0;0;0;0;0;0;0;0;0;1;0;0.25;1;0;1;0;0;0;1;0;0;1;280;204;1;0
0;1;23.92;0.585;0;1;0;0;1;0;0;0;0;0;0;0;0;0;0;1;0;0;0;0;0;0;0;0;0;0;0;1;0;0.125;1;0;1;0;0;0;1;0;0;1;240;1;1;0
0;1;17.67;4.46;0;0;1;0;0;1;0;0;0;0;0;0;0;1;0;0;0;0;0;0;0;0;0;0;0;0;0;0;1;0.25;1;0;1;0;0;0;1;0;1;0;80;0;1;0
1;0;16.5;1.25;0;0;1;0;0;1;0;0;0;0;0;0;0;0;0;0;0;0;1;0;0;0;0;0;0;0;0;0;1;0.25;1;0;0;1;1;0;1;0;0;1;108;98;1;0
0;1;23.25;12.625;0;0;1;0;0;1;0;0;0;0;0;0;0;1;0;0;0;0;0;0;0;0;0;0;0;0;0;0;1;0.125;1;0;0;1;2;0;1;0;0;1;0;5552;1;0
0;1;17.58;10;0;0;1;0;0;1;0;0;0;0;0;0;0;0;0;0;0;0;0;1;0;0;0;0;0;0;0;1;0;0.165;1;0;0;1;1;0;1;0;0;1;120;1;1;0
0;1;29.5;0.58;0;0;1;0;0;1;0;0;0;0;0;0;0;0;0;0;0;0;0;1;0;0;0;0;0;0;0;0;1;0.29;1;0;0;1;1;0;1;0;0;1;340;2803;1;0
0;1;18.83;0.415;0;1;0;0;1;0;0;0;0;0;0;0;0;1;0;0;0;0;0;0;0;0;0;0;0;0;0;0;1;0.165;1;0;0;1;1;0;1;0;0;1;200;1;1;0
1;0;21.75;1.75;0;1;0;0;1;0;1;0;0;0;0;0;0;0;0;0;0;0;0;0;0;0;0;0;1;0;0;0;0;0;1;0;1;0;0;0;1;0;0;1;160;0;1;0
0;1;23;0.75;0;0;1;0;0;1;0;0;0;0;0;0;0;0;0;0;0;1;0;0;0;0;0;0;0;0;0;0;1;0.5;1;0;1;0;0;1;0;0;1;0;320;0;1;0
1;0;18.25;10;0;0;1;0;0;1;0;0;0;0;0;0;0;0;0;0;0;0;0;1;0;0;0;0;0;0;0;0;1;1;1;0;0;1;1;0;1;0;0;1;120;1;1;0
0;1;25.42;0.54;0;0;1;0;0;1;0;0;0;0;0;0;0;0;0;0;0;0;0;1;0;0;0;0;0;0;0;0;1;0.165;1;0;0;1;1;0;1;0;0;1;272;444;1;0
0;1;35.75;2.415;0;0;1;0;0;1;0;0;0;0;0;0;0;0;0;0;0;0;0;1;0;0;0;0;0;0;0;0;1;0.125;1;0;0;1;2;0;1;0;0;1;220;1;1;0
1;0;16.08;0.335;0;0;1;0;0;1;0;1;0;0;0;0;0;0;0;0;0;0;0;0;0;0;0;0;0;1;0;0;0;0;1;0;0;1;1;0;1;0;0;1;160;126;1;0
1;0;31.92;3.125;0;0;1;0;0;1;0;1;0;0;0;0;0;0;0;0;0;0;0;0;0;0;0;0;0;1;0;0;0;3.04;1;0;0;1;2;1;0;0;0;1;200;4;1;0
0;1;69.17;9;0;0;1;0;0;1;0;1;0;0;0;0;0;0;0;0;0;0;0;0;0;0;0;0;0;1;0;0;0;4;1;0;0;1;1;0;1;0;0;1;70;6;1;0
0;1;32.92;2.5;0;0;1;0;0;1;0;0;1;0;0;0;0;0;0;0;0;0;0;0;0;0;0;0;0;0;0;0;1;1.75;1;0;0;1;2;1;0;0;0;1;720;0;1;0
0;1;16.33;2.75;0;0;1;0;0;1;0;0;1;0;0;0;0;0;0;0;0;0;0;0;0;0;0;0;0;0;0;0;1;0.665;1;0;0;1;1;0;1;0;0;1;80;21;1;0
0;1;22.17;12.125;0;0;1;0;0;1;0;0;0;0;0;0;0;1;0;0;0;0;0;0;0;0;0;0;0;0;0;0;1;3.335;1;0;0;1;2;1;0;0;0;1;180;173;1;0
1;0;57.58;2;0;0;1;0;0;1;0;1;0;0;0;0;0;0;0;0;0;0;0;0;0;0;0;0;0;1;0;0;0;6.5;1;0;0;1;1;0;1;0;0;1;0;10;1;0
0;1;18.25;0.165;0;0;1;0;0;1;0;0;0;0;0;0;1;0;0;0;0;0;0;0;0;0;0;0;0;0;0;0;1;0.25;1;0;1;0;0;1;0;0;1;0;280;0;1;0
0;1;23.42;1;0;0;1;0;0;1;0;0;0;0;0;0;0;1;0;0;0;0;0;0;0;0;0;0;0;0;0;0;1;0.5;1;0;1;0;0;1;0;0;1;0;280;0;1;0
1;0;15.92;2.875;0;0;1;0;0;1;0;0;0;0;0;0;0;0;0;0;0;0;1;0;0;0;0;0;0;0;0;0;1;0.085;1;0;1;0;0;0;1;0;0;1;120;0;1;0
1;0;24.75;13.665;0;0;1;0;0;1;0;0;0;0;0;0;0;0;0;0;0;0;1;0;0;0;0;0;0;0;0;1;0;1.5;1;0;1;0;0;0;1;0;0;1;280;1;1;0
0;1;48.75;26.335;0;1;0;0;1;0;0;1;0;0;0;0;0;0;0;0;0;0;0;0;0;0;0;0;0;1;0;0;0;0;0;1;1;0;0;1;0;0;0;1;0;0;1;0
0;1;23.5;2.75;0;0;1;0;0;1;0;1;0;0;0;0;0;0;0;0;0;0;0;0;0;0;0;0;0;1;0;0;0;4.5;1;0;1;0;0;0;1;0;0;1;160;25;1;0
0;1;18.58;10.29;0;0;1;0;0;1;0;1;0;0;0;0;0;0;0;0;0;0;0;0;0;0;0;0;0;1;0;0;0;0.415;1;0;1;0;0;0;1;0;0;1;80;0;1;0
0;1;27.75;1.29;0;0;1;0;0;1;0;0;0;0;0;0;0;0;1;0;0;0;0;0;0;0;0;0;0;0;0;1;0;0.25;1;0;1;0;0;1;0;0;1;0;140;0;1;0
1;0;31.75;3;0;1;0;0;1;0;1;0;0;0;0;0;0;0;0;0;0;0;0;0;0;0;0;0;1;0;0;0;0;0;1;0;1;0;0;0;1;0;0;1;160;20;1;0
1;0;24.83;4.5;0;0;1;0;0;1;0;0;0;0;0;0;0;0;0;0;0;0;0;1;0;0;0;0;0;0;0;0;1;1;1;0;1;0;0;1;0;0;0;1;360;6;1;0
0;1;19;1.75;0;1;0;0;1;0;0;0;0;0;0;0;0;1;0;0;0;0;0;0;0;0;0;0;0;0;0;0;1;2.335;1;0;1;0;0;1;0;0;0;1;112;6;1;0
1;0;16.33;0.21;0;0;1;0;0;1;0;0;1;0;0;0;0;0;0;0;0;0;0;0;0;0;0;0;0;0;0;0;1;0.125;1;0;1;0;0;0;1;0;0;1;200;1;1;0
1;0;18.58;10;0;0;1;0;0;1;0;0;0;0;0;0;1;0;0;0;0;0;0;0;0;0;0;0;0;0;0;0;1;0.415;1;0;1;0;0;0;1;0;0;1;80;42;1;0
0;1;16.25;0;0;1;0;0;1;0;0;0;1;0;0;0;0;0;0;0;0;0;0;0;0;0;0;0;0;0;0;0;1;0.25;1;0;1;0;0;0;1;0;0;1;60;0;1;0
0;1;23;0.75;0;0;1;0;0;1;0;0;0;0;0;0;0;0;0;0;0;1;0;0;0;0;0;0;0;0;0;0;1;0.5;0;1;1;0;0;1;0;0;1;0;320;0;1;0
0;1;21.17;0.25;0;1;0;0;1;0;0;0;0;0;0;0;0;1;0;0;0;0;0;0;0;0;0;0;0;0;0;1;0;0.25;1;0;1;0;0;0;1;0;0;1;280;204;1;0
0;1;17.5;22;1;0;0;1;0;0;0;1;0;0;0;0;0;0;0;0;0;0;0;0;0;0;1;0;0;0;0;0;0;0;1;0;1;0;0;1;0;1;0;0;450;100000;0;1
0;1;19.17;0;0;1;0;0;1;0;0;0;0;0;0;0;0;0;0;0;0;1;0;0;0;0;0;0;0;0;1;0;0;0;1;0;1;0;0;1;0;0;1;0;500;1;0;1
0;1;36.75;0.125;0;1;0;0;1;0;0;0;0;0;0;0;0;1;0;0;0;0;0;0;0;0;0;0;0;0;0;0;1;1.5;1;0;1;0;0;1;0;0;0;1;232;113;0;1
0;1;21.25;1.5;0;0;1;0;0;1;0;0;0;0;0;0;0;0;0;0;0;0;0;1;0;0;0;0;0;0;0;0;1;1.5;1;0;1;0;0;0;1;0;0;1;150;8;0;1
1;0;18.08;0.375;1;0;0;1;0;0;0;0;0;0;0;0;0;0;0;1;0;0;0;0;0;0;0;0;0;1;0;0;0;10;1;0;1;0;0;1;0;0;1;0;300;0;0;1
1;0;33.67;0.375;0;0;1;0;0;1;0;0;0;0;0;0;0;0;0;1;0;0;0;0;0;0;0;0;0;0;0;0;1;0.375;1;0;1;0;0;0;1;0;0;1;300;44;0;1
0;1;48.58;0.205;0;1;0;0;1;0;0;0;0;0;0;0;0;0;1;0;0;0;0;0;0;0;0;0;0;0;0;0;1;0.25;0;1;0;1;11;0;1;0;0;1;380;2732;0;1
0;1;33.67;1.25;0;0;1;0;0;1;0;0;0;0;0;0;0;0;0;0;0;0;0;1;0;0;0;0;0;0;0;0;1;1.165;1;0;1;0;0;0;1;0;0;1;120;0;1;0
1;0;29.5;1.085;0;1;0;0;1;0;0;0;0;0;0;1;0;0;0;0;0;0;0;0;0;0;0;0;0;0;0;0;1;1;1;0;1;0;0;0;1;0;0;1;280;13;1;0
0;1;30.17;1.085;0;1;0;0;1;0;0;0;0;0;0;0;0;1;0;0;0;0;0;0;0;0;0;0;0;0;0;0;1;0.04;1;0;1;0;0;0;1;0;0;1;170;179;1;0
0;1;34.83;2.5;0;1;0;0;1;0;0;0;0;0;0;0;0;0;0;0;0;0;0;1;0;0;0;0;0;0;0;0;1;3;1;0;1;0;0;0;1;0;1;0;200;0;1;0
1;0;33.25;2.5;0;1;0;0;1;0;0;0;0;0;0;0;0;1;0;0;0;0;0;0;0;0;0;0;0;0;0;0;1;2.5;1;0;1;0;0;1;0;0;0;1;0;2;1;0
0;1;34.08;2.5;0;0;1;0;0;1;0;0;0;0;0;0;0;1;0;0;0;0;0;0;0;0;0;0;0;0;0;0;1;1;1;0;1;0;0;0;1;0;0;1;460;16;1;0
1;0;25.25;12.5;0;0;1;0;0;1;0;0;0;0;0;0;1;0;0;0;0;0;0;0;0;0;0;0;0;0;0;0;1;1;1;0;1;0;0;1;0;0;0;1;180;1062;1;0
0;1;34.75;2.5;0;0;1;0;0;1;0;0;0;0;0;0;0;0;0;1;0;0;0;0;0;0;0;0;0;0;1;0;0;0.5;1;0;1;0;0;0;1;0;0;1;348;0;1;0
0;1;27.67;0.75;0;0;1;0;0;1;0;0;0;0;0;0;0;0;0;0;0;0;1;0;0;0;0;0;0;0;0;1;0;0.165;1;0;1;0;0;1;0;0;0;1;220;251;1;0
0;1;47.33;6.5;0;0;1;0;0;1;0;0;0;0;0;0;0;1;0;0;0;0;0;0;0;0;0;0;0;0;0;0;1;1;1;0;1;0;0;1;0;0;0;1;0;228;1;0
1;0;34.83;1.25;0;1;0;0;1;0;0;0;0;0;1;0;0;0;0;0;0;0;0;0;0;0;0;0;0;0;0;1;0;0.5;1;0;1;0;0;1;0;0;0;1;160;0;1;0
1;0;33.25;3;0;1;0;0;1;0;0;0;1;0;0;0;0;0;0;0;0;0;0;0;0;0;0;0;0;0;0;0;1;2;1;0;1;0;0;0;1;0;0;1;180;0;1;0
0;1;28;3;0;0;1;0;0;1;0;0;0;0;0;0;0;0;0;0;0;0;0;1;0;0;0;0;0;0;0;0;1;0.75;1;0;1;0;0;1;0;0;0;1;300;67;1;0
1;0;39.08;4;0;0;1;0;0;1;0;0;0;0;0;0;0;1;0;0;0;0;0;0;0;0;0;0;0;0;0;0;1;3;1;0;1;0;0;0;1;0;0;1;480;0;1;0
0;1;42.75;4.085;0;0;1;0;0;1;0;0;1;0;0;0;0;0;0;0;0;0;0;0;0;0;0;0;0;0;0;0;1;0.04;1;0;1;0;0;0;1;0;0;1;108;100;1;0
0;1;26.92;2.25;0;0;1;0;0;1;0;0;0;0;1;0;0;0;0;0;0;0;0;0;0;0;0;0;0;0;1;0;0;0.5;1;0;1;0;0;1;0;0;0;1;640;4000;1;0
0;1;33.75;2.75;0;0;1;0;0;1;0;0;0;0;1;0;0;0;0;0;0;0;0;0;0;0;0;0;0;0;1;0;0;0;1;0;1;0;0;0;1;0;0;1;180;0;1;0
0;1;38.92;1.75;0;0;1;0;0;1;0;0;0;0;0;0;0;0;1;0;0;0;0;0;0;0;0;0;0;0;0;0;1;0.5;1;0;1;0;0;1;0;0;0;1;300;2;1;0
0;1;62.75;7;0;0;1;0;0;1;0;0;0;1;0;0;0;0;0;0;0;0;0;0;0;0;0;1;0;0;0;0;0;0;1;0;1;0;0;0;1;0;0;1;0;12;1;0
0;1;26.75;4.5;0;1;0;0;1;0;0;0;0;0;0;0;0;1;0;0;0;0;0;0;0;0;0;0;0;0;1;0;0;2.5;1;0;1;0;0;0;1;0;0;1;200;1210;1;0
0;1;63.33;0.54;0;0;1;0;0;1;0;0;0;0;0;0;0;1;0;0;0;0;0;0;0;0;0;0;0;0;0;0;1;0.585;0;1;0;1;3;1;0;0;0;1;180;0;1;0
0;1;27.83;1.5;0;0;1;0;0;1;0;0;0;0;0;0;0;0;0;0;0;0;0;1;0;0;0;0;0;0;0;0;1;2.25;1;0;0;1;1;1;0;0;0;1;100;3;1;0
1;0;26.17;2;0;0;1;0;0;1;1;0;0;0;0;0;0;0;0;0;0;0;0;0;0;0;0;0;1;0;0;0;0;0;1;0;1;0;0;1;0;0;0;1;276;1;1;0
0;1;22.17;0.585;0;1;0;0;1;0;0;1;0;0;0;0;0;0;0;0;0;0;0;0;0;0;0;0;0;1;0;0;0;0;1;0;1;0;0;0;1;0;0;1;100;0;1;0
0;1;22.5;11.5;0;1;0;0;1;0;0;0;0;0;0;0;0;0;0;0;0;1;0;0;0;0;0;0;0;0;0;0;1;1.5;1;0;1;0;0;1;0;0;0;1;0;4000;1;0
0;1;30.75;1.585;0;0;1;0;0;1;0;0;0;0;0;0;1;0;0;0;0;0;0;0;0;0;0;0;0;0;0;0;1;0.585;1;0;1;0;0;1;0;0;1;0;0;0;1;0
0;1;36.67;2;0;0;1;0;0;1;0;0;0;0;1;0;0;0;0;0;0;0;0;0;0;0;0;0;0;0;0;0;1;0.25;1;0;1;0;0;1;0;0;0;1;221;0;1;0
1;0;16;0.165;0;0;1;0;0;1;0;0;1;0;0;0;0;0;0;0;0;0;0;0;0;0;0;0;0;0;0;0;1;1;1;0;0;1;2;1;0;0;0;1;320;1;1;0
0;1;41.17;1.335;0;0;1;0;0;1;0;0;0;0;0;0;1;0;0;0;0;0;0;0;0;0;0;0;0;0;0;0;1;0.165;1;0;1;0;0;0;1;0;0;1;168;0;1;0
1;0;19.5;0.165;0;0;1;0;0;1;0;0;0;0;0;0;0;0;0;0;0;0;1;0;0;0;0;0;0;0;0;0;1;0.04;1;0;1;0;0;1;0;0;0;1;380;0;1;0
0;1;32.42;3;0;0;1;0;0;1;0;0;0;0;0;0;1;0;0;0;0;0;0;0;0;0;0;0;0;0;0;0;1;0.165;1;0;1;0;0;1;0;0;0;1;120;0;1;0
1;0;36.75;4.71;0;0;1;0;0;1;0;1;0;0;0;0;0;0;0;0;0;0;0;0;0;0;0;0;0;1;0;0;0;0;1;0;1;0;0;0;1;0;0;1;160;0;1;0
1;0;30.25;5.5;0;0;1;0;0;1;0;0;0;0;0;0;0;0;1;0;0;0;0;0;0;0;0;0;0;0;0;0;1;5.5;1;0;1;0;0;1;0;0;1;0;100;0;1;0
0;1;23.08;2.5;0;0;1;0;0;1;0;1;0;0;0;0;0;0;0;0;0;0;0;0;0;0;0;0;0;1;0;0;0;0.085;1;0;1;0;0;1;0;0;0;1;100;4208;1;0
0;1;26.83;0.54;0;0;1;0;0;1;0;0;0;0;0;0;0;0;1;0;0;0;0;0;0;0;0;0;0;1;0;0;0;0;1;0;1;0;0;0;1;0;0;1;100;0;1;0
0;1;16.92;0.335;0;1;0;0;1;0;0;0;0;0;0;0;0;0;1;0;0;0;0;0;0;0;0;0;0;0;0;0;1;0.29;1;0;1;0;0;0;1;0;1;0;200;0;1;0
0;1;24.42;2;0;0;1;0;0;1;0;0;0;1;0;0;0;0;0;0;0;0;0;0;0;1;0;0;0;0;0;0;0;0.165;1;0;0;1;2;0;1;0;0;1;320;1300;1;0
0;1;42.83;1.25;0;0;1;0;0;1;0;0;0;0;0;0;0;0;0;0;0;1;0;0;0;0;0;0;0;0;0;0;1;13.875;1;0;0;1;1;1;0;0;0;1;352;112;1;0
1;0;22.75;6.165;0;0;1;0;0;1;0;0;1;0;0;0;0;0;0;0;0;0;0;0;0;0;0;0;0;0;0;0;1;0.165;1;0;1;0;0;0;1;0;0;1;220;1000;1;0
0;1;39.42;1.71;0;1;0;0;1;0;0;0;0;0;0;0;0;0;0;0;0;1;0;0;0;0;0;0;0;0;0;0;1;0.165;1;0;1;0;0;0;1;0;1;0;400;0;1;0
1;0;23.58;11.5;0;1;0;0;1;0;0;0;0;0;0;0;0;0;1;0;0;0;0;0;0;0;0;0;0;0;0;1;0;3;1;0;1;0;0;1;0;0;0;1;20;16;1;0
0;1;21.42;0.75;0;1;0;0;1;0;0;0;0;0;0;0;0;0;0;0;1;0;0;0;1;0;0;0;0;0;0;0;0;0.75;1;0;1;0;0;1;0;0;0;1;132;2;1;0
0;1;33;2.5;0;1;0;0;1;0;0;0;0;0;0;0;0;0;0;0;0;0;0;1;0;0;0;0;0;0;0;0;1;7;1;0;1;0;0;1;0;0;0;1;280;0;1;0
0;1;26.33;13;0;0;1;0;0;1;0;0;0;1;0;0;0;0;0;0;0;0;0;0;0;1;0;0;0;0;0;0;0;0;1;0;1;0;0;1;0;0;0;1;140;1110;1;0
1;0;45;4.585;0;0;1;0;0;1;0;0;0;0;0;0;0;0;1;0;0;0;0;0;0;0;0;0;0;0;0;1;0;1;1;0;1;0;0;1;0;0;1;0;240;0;1;0
0;1;26.25;1.54;0;0;1;0;0;1;0;0;0;0;0;0;0;0;0;0;0;0;0;1;0;0;0;0;0;0;0;0;1;0.125;1;0;1;0;0;0;1;0;0;1;100;0;1;0
1;0;20.83;0.5;0;1;0;0;1;0;0;0;0;1;0;0;0;0;0;0;0;0;0;0;0;1;0;0;0;0;0;0;0;1;1;0;1;0;0;0;1;0;0;1;260;0;1;0
0;1;28.67;14.5;0;0;1;0;0;1;0;0;0;0;0;0;1;0;0;0;0;0;0;0;0;0;0;0;0;0;0;0;1;0.125;1;0;1;0;0;0;1;0;0;1;0;286;1;0
0;1;20.67;0.835;0;1;0;0;1;0;0;0;0;0;0;0;0;1;0;0;0;0;0;0;0;0;0;0;0;0;0;0;1;2;1;0;1;0;0;1;0;0;1;0;240;0;1;0
0;1;34.42;1.335;0;0;1;0;0;1;0;0;0;0;1;0;0;0;0;0;0;0;0;0;0;0;0;0;0;0;1;0;0;0.125;1;0;1;0;0;1;0;0;0;1;440;4500;1;0
0;1;33.58;0.25;0;0;1;0;0;1;0;0;0;0;1;0;0;0;0;0;0;0;0;0;0;0;0;0;0;0;1;0;0;4;1;0;1;0;0;1;0;0;1;0;420;0;1;0
0;1;43.17;5;0;0;1;0;0;1;0;0;0;0;1;0;0;0;0;0;0;0;0;0;0;0;0;0;0;0;1;0;0;2.25;1;0;1;0;0;1;0;0;0;1;141;0;1;0
1;0;22.67;7;0;0;1;0;0;1;0;0;0;0;0;0;0;1;0;0;0;0;0;0;0;0;0;0;0;0;0;0;1;0.165;1;0;1;0;0;0;1;0;0;1;160;0;1;0
1;0;24.33;2.5;0;1;0;0;1;0;0;0;0;0;1;0;0;0;0;0;0;0;0;0;0;0;0;0;0;0;1;0;0;4.5;1;0;1;0;0;0;1;0;0;1;200;456;1;0
1;0;56.83;4.25;0;1;0;0;1;0;0;1;0;0;0;0;0;0;0;0;0;0;0;0;0;0;0;0;0;1;0;0;0;5;1;0;1;0;0;1;0;0;0;1;0;4;1;0
0;1;22.08;11.46;0;0;1;0;0;1;0;0;0;0;0;0;0;0;1;0;0;0;0;0;0;0;0;0;0;0;0;0;1;1.585;1;0;1;0;0;1;0;0;0;1;100;1212;1;0
0;1;34;5.5;0;1;0;0;1;0;0;0;0;0;0;0;0;1;0;0;0;0;0;0;0;0;0;0;0;0;0;0;1;1.5;1;0;1;0;0;1;0;0;0;1;60;0;1;0
0;1;22.58;1.5;0;1;0;0;1;0;0;0;1;0;0;0;0;0;0;0;0;0;0;0;0;0;0;0;0;0;0;0;1;0.54;1;0;1;0;0;1;0;0;0;1;120;67;1;0
0;1;21.17;0;0;0;1;0;0;1;0;0;0;0;0;0;0;1;0;0;0;0;0;0;0;0;0;0;0;0;0;0;1;0.5;1;0;1;0;0;1;0;0;1;0;0;0;1;0
0;1;26.67;14.585;0;0;1;0;0;1;0;0;0;0;1;0;0;0;0;0;0;0;0;0;0;0;0;0;0;0;1;0;0;0;1;0;1;0;0;1;0;0;0;1;178;0;1;0
0;1;22.92;0.17;0;0;1;0;0;1;0;0;0;0;0;0;0;0;0;0;0;1;0;0;0;0;0;0;0;0;0;0;1;0.085;1;0;1;0;0;0;1;0;1;0;0;0;1;0
0;1;15.17;7;0;0;1;0;0;1;0;0;0;1;0;0;0;0;0;0;0;0;0;0;0;0;0;0;0;0;0;0;1;1;1;0;1;0;0;0;1;0;0;1;600;0;1;0
0;1;39.92;5;0;0;1;0;0;1;0;0;0;0;1;0;0;0;0;0;0;0;0;0;0;0;0;0;0;0;1;0;0;0.21;1;0;1;0;0;0;1;0;0;1;550;0;1;0
0;1;27.42;12.5;0;0;1;0;0;1;0;0;1;0;0;0;0;0;0;0;0;0;0;0;0;0;0;0;0;0;1;0;0;0.25;1;0;1;0;0;1;0;0;0;1;720;0;1;0
0;1;24.75;0.54;0;0;1;0;0;1;0;0;0;0;0;0;0;0;0;0;0;1;0;0;0;0;0;0;0;0;0;0;1;1;1;0;1;0;0;1;0;0;0;1;120;1;1;0
0;1;41.17;1.25;0;1;0;0;1;0;0;0;0;0;0;0;0;0;0;0;0;0;0;1;0;0;0;0;0;0;0;0;1;0.25;1;0;1;0;0;0;1;0;0;1;0;195;1;0
1;0;33.08;1.625;0;0;1;0;0;1;0;0;0;0;0;0;1;0;0;0;0;0;0;0;0;0;0;0;0;0;0;0;1;0.54;1;0;1;0;0;1;0;0;0;1;0;0;1;0
0;1;29.83;2.04;0;1;0;0;1;0;0;0;0;0;0;1;0;0;0;0;0;0;0;0;0;0;0;0;0;0;0;1;0;0.04;1;0;1;0;0;0;1;0;0;1;128;1;1;0
1;0;23.58;0.585;0;1;0;0;1;0;0;1;0;0;0;0;0;0;0;0;0;0;0;0;0;0;0;0;0;1;0;0;0;0.125;1;0;1;0;0;0;1;0;0;1;120;87;1;0
0;1;26.17;12.5;0;1;0;0;1;0;0;0;0;0;0;0;0;0;1;0;0;0;0;0;0;0;0;0;0;0;0;1;0;1.25;1;0;1;0;0;1;0;0;0;1;0;17;1;0
0;1;31;2.085;0;0;1;0;0;1;0;0;0;0;0;0;0;1;0;0;0;0;0;0;0;0;0;0;0;0;0;0;1;0.085;1;0;1;0;0;0;1;0;0;1;300;0;1;0
0;1;20.75;5.085;0;1;0;0;1;0;1;0;0;0;0;0;0;0;0;0;0;0;0;0;0;0;0;0;0;0;0;0;1;0.29;1;0;1;0;0;0;1;0;0;1;140;184;1;0
0;1;28.92;0.375;0;0;1;0;0;1;0;0;0;0;0;0;0;1;0;0;0;0;0;0;0;0;0;0;0;0;0;0;1;0.29;1;0;1;0;0;0;1;0;0;1;220;140;1;0
1;0;51.92;6.5;0;0;1;0;0;1;0;0;0;0;1;0;0;0;0;0;0;0;0;0;0;0;0;0;0;0;1;0;0;3.085;1;0;1;0;0;1;0;0;0;1;73;0;1;0
1;0;22.67;0.335;0;0;1;0;0;1;0;0;0;0;0;0;0;0;0;0;0;0;1;0;0;0;0;0;0;0;0;0;1;0.75;1;0;1;0;0;0;1;0;1;0;160;0;1;0
0;1;34;5.085;0;1;0;0;1;0;0;0;0;0;1;0;0;0;0;0;0;0;0;0;0;0;0;0;0;0;1;0;0;1.085;1;0;1;0;0;1;0;0;0;1;480;0;1;0
1;0;69.5;6;0;0;1;0;0;1;0;1;0;0;0;0;0;0;0;0;0;0;0;0;0;0;0;0;0;1;0;0;0;0;1;0;1;0;0;0;1;0;1;0;0;0;1;0
1;0;19.58;0.665;0;1;0;0;1;0;0;0;0;0;0;0;0;1;0;0;0;0;0;0;0;0;0;0;0;0;0;0;1;1;1;0;0;1;1;0;1;0;0;1;2000;2;1;0
0;1;16;3.125;0;0;1;0;0;1;0;0;0;0;0;0;0;0;0;0;0;0;0;1;0;0;0;0;0;0;0;0;1;0.085;1;0;0;1;1;0;1;0;0;1;0;6;1;0
0;1;17.08;0.25;0;0;1;0;0;1;0;0;0;0;0;0;0;0;0;0;0;0;1;0;0;0;0;0;0;0;0;0;1;0.335;1;0;0;1;4;0;1;0;0;1;160;8;1;0
0;1;31.25;2.835;0;0;1;0;0;1;0;1;0;0;0;0;0;0;0;0;0;0;0;0;0;0;0;0;0;1;0;0;0;0;1;0;0;1;5;0;1;0;0;1;176;146;1;0
0;1;25.17;3;0;0;1;0;0;1;0;0;0;0;0;0;0;1;0;0;0;0;0;0;0;0;0;0;0;0;0;0;1;1.25;1;0;0;1;1;0;1;0;0;1;0;22;1;0
1;0;22.67;0.79;0;0;1;0;0;1;0;0;0;0;1;0;0;0;0;0;0;0;0;0;0;0;0;0;0;0;0;0;1;0.085;1;0;1;0;0;0;1;0;0;1;144;0;1;0
0;1;40.58;1.5;0;0;1;0;0;1;0;0;0;0;1;0;0;0;0;0;0;0;0;0;0;0;0;0;0;0;1;0;0;0;1;0;1;0;0;0;1;0;1;0;300;0;1;0
0;1;22.25;0.46;0;0;1;0;0;1;0;0;0;0;0;0;0;0;1;0;0;0;0;0;0;0;0;0;0;0;0;0;1;0.125;1;0;1;0;0;1;0;0;0;1;280;55;1;0
1;0;22.25;1.25;0;1;0;0;1;0;0;1;0;0;0;0;0;0;0;0;0;0;0;0;0;0;0;0;0;1;0;0;0;3.25;1;0;1;0;0;0;1;0;0;1;280;0;1;0
0;1;22.5;0.125;0;1;0;0;1;0;0;0;0;0;0;0;0;0;1;0;0;0;0;0;0;0;0;0;0;0;0;0;1;0.125;1;0;1;0;0;0;1;0;0;1;200;70;1;0
0;1;23.58;1.79;0;0;1;0;0;1;0;0;0;0;0;0;0;1;0;0;0;0;0;0;0;0;0;0;0;0;0;0;1;0.54;1;0;1;0;0;1;0;0;0;1;136;1;1;0
0;1;38.42;0.705;0;0;1;0;0;1;0;0;0;0;0;0;0;1;0;0;0;0;0;0;0;0;0;0;0;0;0;0;1;0.375;1;0;0;1;2;0;1;0;0;1;225;500;1;0
1;0;26.58;2.54;0;1;0;0;1;0;0;1;0;0;0;0;0;0;0;0;0;0;0;0;0;0;0;0;0;1;0;0;0;0;1;0;1;0;0;1;0;0;0;1;180;60;1;0
0;1;35;2.5;0;0;1;0;0;1;0;0;0;0;1;0;0;0;0;0;0;0;0;0;0;0;0;0;0;0;0;0;1;1;1;0;1;0;0;1;0;0;0;1;210;0;1;0
0;1;20.42;1.085;0;0;1;0;0;1;0;0;0;0;0;0;0;0;0;0;0;0;1;0;0;0;0;0;0;0;0;0;1;1.5;1;0;1;0;0;0;1;0;0;1;108;7;1;0
0;1;29.42;1.25;0;0;1;0;0;1;0;0;0;0;0;0;0;0;0;0;0;0;0;1;0;0;0;0;0;0;0;0;1;1.75;1;0;1;0;0;0;1;0;0;1;200;0;1;0
0;1;26.17;0.835;0;0;1;0;0;1;0;0;0;0;0;0;0;0;0;1;0;0;0;0;0;0;0;0;0;0;0;0;1;1.165;1;0;1;0;0;0;1;0;0;1;100;0;1;0
0;1;33.67;2.165;0;0;1;0;0;1;0;0;0;0;0;0;0;1;0;0;0;0;0;0;0;0;0;0;0;0;0;0;1;1.5;1;0;1;0;0;0;1;1;0;0;120;0;1;0
0;1;24.58;1.25;0;0;1;0;0;1;0;0;0;0;0;0;0;1;0;0;0;0;0;0;0;0;0;0;0;0;0;0;1;0.25;1;0;1;0;0;0;1;0;0;1;110;0;1;0
1;0;27.67;2.04;0;0;1;0;0;1;0;0;0;0;0;0;0;0;0;0;0;0;0;1;0;0;0;0;0;0;0;0;1;0.25;1;0;1;0;0;1;0;0;0;1;180;50;1;0
0;1;37.5;0.835;0;0;1;0;0;1;0;0;0;1;0;0;0;0;0;0;0;0;0;0;0;0;0;0;0;0;0;0;1;0.04;1;0;1;0;0;0;1;0;0;1;120;5;1;0
0;1;49.17;2.29;0;0;1;0;0;1;0;1;0;0;0;0;0;0;0;0;0;0;0;0;0;0;0;0;0;1;0;0;0;0.29;1;0;1;0;0;0;1;0;0;1;200;3;1;0
0;1;33.58;0.335;0;1;0;0;1;0;0;0;0;0;0;0;0;0;0;1;0;0;0;0;0;0;0;0;0;0;0;0;1;0.085;1;0;1;0;0;0;1;0;0;1;180;0;1;0
0;1;51.83;3;0;1;0;0;1;0;0;1;0;0;0;0;0;0;0;0;0;0;0;0;0;0;0;0;0;1;0;0;0;1.5;1;0;1;0;0;0;1;0;0;1;180;4;1;0
0;1;22.92;3.165;0;1;0;0;1;0;0;0;0;0;0;0;0;1;0;0;0;0;0;0;0;0;0;0;0;0;0;0;1;0.165;1;0;1;0;0;0;1;0;0;1;160;1058;1;0
0;1;21.83;1.54;0;0;1;0;0;1;0;0;0;0;0;0;0;0;1;0;0;0;0;0;0;0;0;0;0;0;0;0;1;0.085;1;0;1;0;0;1;0;0;0;1;356;0;1;0
0;1;25.25;1;0;0;1;0;0;1;0;0;1;0;0;0;0;0;0;0;0;0;0;0;0;0;0;0;0;0;0;0;1;0.5;1;0;1;0;0;0;1;0;0;1;200;0;1;0
0;1;58.58;2.71;0;0;1;0;0;1;0;0;0;0;0;0;0;1;0;0;0;0;0;0;0;0;0;0;0;0;0;0;1;2.415;1;0;1;0;0;1;0;0;0;1;320;0;1;0
0;1;19;0;0;1;0;0;1;0;0;1;0;0;0;0;0;0;0;0;0;0;0;0;0;0;0;0;0;1;0;0;0;0;1;0;0;1;4;0;1;0;0;1;45;1;1;0
0;1;19.58;0.585;0;0;1;0;0;1;0;1;0;0;0;0;0;0;0;0;0;0;0;0;0;0;0;0;0;1;0;0;0;0;1;0;0;1;3;0;1;0;0;1;350;769;1;0
1;0;53.33;0.165;0;0;1;0;0;1;0;1;0;0;0;0;0;0;0;0;0;0;0;0;0;0;0;0;0;1;0;0;0;0;1;0;1;0;0;1;0;0;1;0;62;27;1;0
1;0;27.17;1.25;0;0;1;0;0;1;0;1;0;0;0;0;0;0;0;0;0;0;0;0;0;0;0;0;0;1;0;0;0;0;1;0;0;1;1;0;1;0;0;1;92;300;1;0
0;1;25.92;0.875;0;0;1;0;0;1;0;0;0;0;0;0;0;0;1;0;0;0;0;0;0;0;0;0;0;0;0;0;1;0.375;1;0;0;1;2;1;0;0;0;1;174;3;1;0
0;1;23.08;0;0;0;1;0;0;1;0;0;0;0;0;0;0;0;1;0;0;0;0;0;0;0;0;0;0;0;0;0;1;1;1;0;0;1;11;0;1;0;1;0;0;0;1;0
0;1;39.58;5;0;0;1;0;0;1;0;1;0;0;0;0;0;0;0;0;0;0;0;0;0;0;0;0;0;1;0;0;0;0;1;0;0;1;2;0;1;0;0;1;17;1;1;0
0;1;30.58;2.71;0;1;0;0;1;0;0;0;0;0;0;0;0;0;0;0;0;1;0;0;0;0;0;0;0;0;0;0;1;0.125;1;0;1;0;0;1;0;0;1;0;80;0;1;0
0;1;17.25;3;0;0;1;0;0;1;0;0;0;0;0;0;0;0;1;0;0;0;0;0;0;0;0;0;0;0;0;0;1;0.04;1;0;1;0;0;1;0;0;0;1;160;40;1;0
1;0;17.67;0;0;1;0;0;1;0;1;0;0;0;0;0;0;0;0;0;0;0;0;0;0;0;0;0;0;1;0;0;0;0;1;0;1;0;0;0;1;0;0;1;86;0;1;0
0;1;16.5;0.125;0;0;1;0;0;1;0;0;0;0;0;0;0;1;0;0;0;0;0;0;0;0;0;0;0;0;0;0;1;0.165;1;0;1;0;0;0;1;0;0;1;132;0;1;0
1;0;27.33;1.665;0;0;1;0;0;1;0;1;0;0;0;0;0;0;0;0;0;0;0;0;0;0;0;0;0;1;0;0;0;0;1;0;1;0;0;0;1;0;0;1;340;1;1;0
0;1;31.25;1.125;0;0;1;0;0;1;0;1;0;0;0;0;0;0;0;0;0;0;0;0;0;0;0;0;0;1;0;0;0;0;1;0;0;1;1;0;1;0;0;1;96;19;1;0
0;1;20;7;0;0;1;0;0;1;0;0;0;0;0;0;0;1;0;0;0;0;0;0;0;0;0;0;0;0;0;0;1;0.5;1;0;1;0;0;0;1;0;0;1;0;0;1;0
0;1;39.5;1.625;0;0;1;0;0;1;0;0;0;0;0;0;0;1;0;0;0;0;0;0;0;0;0;0;0;0;0;0;1;1.5;1;0;1;0;0;0;1;0;0;1;0;316;1;0
0;1;36.5;4.25;0;0;1;0;0;1;0;0;0;0;0;0;0;0;0;0;0;0;1;0;0;0;0;0;0;0;0;0;1;3.5;1;0;1;0;0;0;1;0;0;1;454;50;1;0
0;1;52.42;1.5;0;0;1;0;0;1;0;0;0;0;0;0;1;0;0;0;0;0;0;0;0;0;0;0;0;0;0;0;1;3.75;1;0;1;0;0;1;0;0;0;1;0;350;1;0
0;1;36.17;18.125;0;0;1;0;0;1;0;0;0;0;0;0;0;0;0;0;0;0;0;1;0;0;0;0;0;0;0;0;1;0.085;1;0;1;0;0;0;1;0;0;1;320;3552;1;0
0;1;29.67;0.75;0;1;0;0;1;0;0;0;0;0;0;0;0;1;0;0;0;0;0;0;0;0;0;0;0;0;0;0;1;0.04;1;0;1;0;0;0;1;0;0;1;240;0;1;0
0;1;36.17;5.5;0;0;1;0;0;1;0;0;0;0;1;0;0;0;0;0;0;0;0;0;0;0;0;0;0;0;1;0;0;5;1;0;1;0;0;0;1;0;0;1;210;687;1;0
0;1;25.67;0.29;0;1;0;0;1;0;0;0;0;0;0;0;0;1;0;0;0;0;0;0;0;0;0;0;0;0;0;0;1;1.5;1;0;1;0;0;1;0;0;0;1;160;0;1;0
1;0;24.5;2.415;0;1;0;0;1;0;0;0;0;0;0;0;0;1;0;0;0;0;0;0;0;0;0;0;0;0;0;0;1;0;1;0;1;0;0;0;1;0;0;1;120;0;1;0
0;1;24.08;0.875;0;0;1;0;0;1;0;0;0;0;0;0;0;0;0;0;0;1;0;0;0;0;0;0;0;0;0;0;1;0.085;1;0;0;1;4;0;1;0;0;1;254;1950;1;0
0;1;21.92;0.5;0;0;1;0;0;1;0;0;0;0;0;0;0;1;0;0;0;0;0;0;0;0;0;0;0;0;0;0;1;0.125;1;0;1;0;0;0;1;0;0;1;360;0;1;0
1;0;36.58;0.29;0;0;1;0;0;1;0;1;0;0;0;0;0;0;0;0;0;0;0;0;0;0;0;0;0;1;0;0;0;0;1;0;0;1;10;0;1;0;0;1;200;18;1;0
1;0;23;1.835;0;0;1;0;0;1;1;0;0;0;0;0;0;0;0;0;0;0;0;0;0;0;0;0;1;0;0;0;0;0;1;0;0;1;1;0;1;0;0;1;200;53;1;0
1;0;27.58;3;0;0;1;0;0;1;0;0;0;0;0;0;0;0;0;0;0;1;0;0;0;0;0;0;0;0;0;0;1;2.79;1;0;0;1;1;1;0;0;0;1;280;10;1;0
0;1;31.08;3.085;0;0;1;0;0;1;0;0;0;0;0;0;0;1;0;0;0;0;0;0;0;0;0;0;0;0;0;0;1;2.5;1;0;0;1;2;1;0;0;0;1;160;41;1;0
1;0;30.42;1.375;0;0;1;0;0;1;0;0;0;0;0;0;0;0;0;0;0;0;0;1;0;0;0;0;0;0;0;1;0;0.04;1;0;0;1;3;0;1;0;0;1;0;33;1;0
0;1;22.08;2.335;0;0;1;0;0;1;0;0;0;0;0;0;0;0;1;0;0;0;0;0;0;0;0;0;0;0;0;0;1;0.75;1;0;1;0;0;0;1;0;0;1;180;0;1;0
0;1;16.33;4.085;0;0;1;0;0;1;0;0;0;0;1;0;0;0;0;0;0;0;0;0;0;0;0;0;0;0;0;1;0;0.415;1;0;1;0;0;1;0;0;0;1;120;0;1;0
1;0;21.92;11.665;0;0;1;0;0;1;0;0;0;0;0;0;0;0;1;0;0;0;0;0;0;0;0;0;0;0;0;1;0;0.085;1;0;1;0;0;0;1;0;0;1;320;5;1;0
0;1;21.08;4.125;0;1;0;0;1;0;0;0;0;0;1;0;0;0;0;0;0;0;0;0;0;0;0;0;0;0;0;1;0;0.04;1;0;1;0;0;0;1;0;0;1;140;100;1;0
0;1;17.42;6.5;0;0;1;0;0;1;0;0;0;0;1;0;0;0;0;0;0;0;0;0;0;0;0;0;0;0;0;0;1;0.125;1;0;1;0;0;0;1;0;0;1;60;100;1;0
0;1;19.17;4;0;1;0;0;1;0;0;0;0;0;1;0;0;0;0;0;0;0;0;0;0;0;0;0;0;0;0;0;1;1;1;0;1;0;0;1;0;0;0;1;360;1000;1;0
0;1;20.67;0.415;0;0;1;0;0;1;0;0;0;0;0;0;0;1;0;0;0;0;0;0;0;0;0;0;0;0;0;0;1;0.125;1;0;1;0;0;0;1;0;0;1;0;44;1;0
0;1;26.75;2;0;0;1;0;0;1;0;0;0;0;0;0;1;0;0;0;0;0;0;0;0;0;0;0;0;0;0;0;1;0.75;1;0;1;0;0;1;0;0;0;1;80;0;1;0
0;1;23.58;0.835;0;0;1;0;0;1;0;0;0;0;1;0;0;0;0;0;0;0;0;0;0;0;0;0;0;0;0;1;0;0.085;1;0;1;0;0;1;0;0;0;1;220;5;1;0
0;1;39.17;2.5;0;1;0;0;1;0;0;0;0;0;1;0;0;0;0;0;0;0;0;0;0;0;0;0;0;0;0;1;0;10;1;0;1;0;0;1;0;0;1;0;200;0;1;0
0;1;22.75;11.5;0;0;1;0;0;1;0;0;0;0;1;0;0;0;0;0;0;0;0;0;0;0;0;0;0;0;0;0;1;0.415;1;0;1;0;0;0;1;0;0;1;0;0;1;0
1;0;16.92;0.5;0;0;1;0;0;1;0;0;0;0;1;0;0;0;0;0;0;0;0;0;0;0;0;0;0;0;0;0;1;0.165;1;0;0;1;6;1;0;0;0;1;240;35;1;0
0;1;23.5;3.165;0;1;0;0;1;0;0;0;0;0;0;0;0;0;1;0;0;0;0;0;0;0;0;0;0;0;0;0;1;0.415;1;0;0;1;1;1;0;0;0;1;280;80;1;0
1;0;17.33;9.5;0;0;1;0;0;1;0;0;1;0;0;0;0;0;0;0;0;0;0;0;0;0;0;0;0;0;0;0;1;1.75;1;0;0;1;10;1;0;0;0;1;0;10;1;0
0;1;23.75;0.415;0;1;0;0;1;0;0;0;0;0;0;0;0;1;0;0;0;0;0;0;0;0;0;0;0;0;0;0;1;0.04;1;0;0;1;2;0;1;0;0;1;128;6;1;0
0;1;34.67;1.08;0;0;1;0;0;1;0;0;0;0;0;0;0;0;0;0;0;1;0;0;0;0;0;0;0;0;0;0;1;1.165;1;0;1;0;0;0;1;0;1;0;28;0;1;0
0;1;74.83;19;0;1;0;0;1;0;0;1;0;0;0;0;0;0;0;0;0;0;0;0;0;0;0;0;0;1;0;0;0;0.04;1;0;0;1;2;0;1;0;0;1;0;351;1;0
0;1;28.17;0.125;0;1;0;0;1;0;0;0;0;0;0;0;0;0;1;0;0;0;0;0;0;0;0;0;0;0;0;0;1;0.085;1;0;1;0;0;0;1;0;0;1;216;2100;1;0
0;1;24.5;13.335;0;1;0;0;1;0;0;0;1;0;0;0;0;0;0;0;0;0;0;0;0;0;0;0;0;0;0;0;1;0.04;1;0;1;0;0;1;0;0;0;1;120;475;1;0
0;1;18.83;3.54;0;1;0;0;1;0;0;1;0;0;0;0;0;0;0;0;0;0;0;0;0;0;0;0;0;1;0;0;0;0;1;0;1;0;0;1;0;0;0;1;180;1;1;0
1;0;47.25;0.75;0;0;1;0;0;1;0;0;0;0;0;0;0;0;0;0;0;0;1;0;0;0;0;0;0;0;0;1;0;2.75;0;1;0;1;1;0;1;0;0;1;333;892;0;1
0;1;24.17;0.875;0;0;1;0;0;1;0;0;0;0;0;0;0;0;0;0;0;0;1;0;0;0;0;0;0;0;0;0;1;4.625;0;1;0;1;2;1;0;0;0;1;520;2000;0;1
0;1;39.25;9.5;0;0;1;0;0;1;0;0;0;0;0;0;0;0;0;0;0;1;0;0;0;0;0;0;0;0;0;0;1;6.5;0;1;0;1;14;0;1;0;0;1;240;4607;0;1
1;0;20.5;11.835;0;0;1;0;0;1;0;0;0;0;0;0;0;1;0;0;0;0;0;0;0;0;0;0;0;0;0;1;0;6;0;1;1;0;0;0;1;0;0;1;340;0;0;1
1;0;18.83;4.415;0;1;0;0;1;0;0;0;0;0;0;0;0;1;0;0;0;0;0;0;0;0;0;0;0;0;0;1;0;3;0;1;1;0;0;0;1;0;0;1;240;0;0;1
0;1;19.17;9.5;0;0;1;0;0;1;0;0;0;0;0;0;0;0;0;0;0;0;0;1;0;0;0;0;0;0;0;0;1;1.5;0;1;1;0;0;0;1;0;0;1;120;2206;0;1
1;0;25;0.875;0;0;1;0;0;1;0;0;0;0;0;1;0;0;0;0;0;0;0;0;0;0;0;0;0;0;0;1;0;1.04;0;1;1;0;0;1;0;0;0;1;160;5860;0;1
0;1;20.17;9.25;0;0;1;0;0;1;0;0;0;0;0;0;0;1;0;0;0;0;0;0;0;0;0;0;0;0;0;0;1;1.665;0;1;0;1;3;1;0;0;0;1;40;28;0;1
0;1;25.75;0.5;0;0;1;0;0;1;0;0;0;0;0;0;0;1;0;0;0;0;0;0;0;0;0;0;0;0;0;0;1;1.46;0;1;0;1;5;1;0;0;0;1;312;0;0;1
0;1;20.42;7;0;0;1;0;0;1;0;0;0;0;0;0;0;1;0;0;0;0;0;0;0;0;0;0;0;0;0;0;1;1.625;0;1;0;1;3;0;1;0;0;1;200;1391;0;1
0;1;39;5;0;0;1;0;0;1;0;0;0;0;0;0;0;0;0;1;0;0;0;0;0;0;0;0;0;0;0;0;1;3.5;0;1;0;1;10;1;0;0;0;1;0;0;0;1
1;0;64.08;0.165;0;0;1;0;0;1;0;1;0;0;0;0;0;0;0;0;0;0;0;0;0;0;0;0;0;1;0;0;0;0;0;1;0;1;1;0;1;0;0;1;232;100;0;1
0;1;28.25;5.125;0;0;1;0;0;1;0;0;0;0;0;1;0;0;0;0;0;0;0;0;0;0;0;0;0;0;0;0;1;4.75;0;1;0;1;2;0;1;0;0;1;420;7;0;1
1;0;28.75;3.75;0;0;1;0;0;1;0;0;0;0;0;0;0;1;0;0;0;0;0;0;0;0;0;0;0;0;0;0;1;1.085;0;1;0;1;1;1;0;0;0;1;371;0;0;1
0;1;31.33;19.5;0;0;1;0;0;1;0;0;0;0;0;0;0;1;0;0;0;0;0;0;0;0;0;0;0;0;0;0;1;7;0;1;0;1;16;0;1;0;0;1;0;5000;0;1
1;0;18.92;9;0;0;1;0;0;1;0;0;1;0;0;0;0;0;0;0;0;0;0;0;0;0;0;0;0;0;0;0;1;0.75;0;1;0;1;2;0;1;0;0;1;88;591;0;1
1;0;24.75;3;0;0;1;0;0;1;0;0;0;0;0;0;0;0;0;0;0;0;1;0;0;0;0;0;0;0;0;1;0;1.835;0;1;0;1;19;0;1;0;0;1;0;500;0;1
1;0;30.67;12;0;0;1;0;0;1;0;0;0;0;0;0;0;1;0;0;0;0;0;0;0;0;0;0;0;0;0;0;1;2;0;1;0;1;1;0;1;0;0;1;220;19;0;1
0;1;21;4.79;0;1;0;0;1;0;0;0;0;0;0;0;0;0;0;0;0;0;0;1;0;0;0;0;0;0;0;0;1;2.25;0;1;0;1;1;1;0;0;0;1;80;300;0;1
0;1;13.75;4;0;1;0;0;1;0;0;0;0;0;0;0;0;0;0;0;0;0;0;1;0;0;0;0;0;0;0;0;1;1.75;0;1;0;1;2;1;0;0;0;1;120;1000;0;1
1;0;46;4;0;0;1;0;0;1;1;0;0;0;0;0;0;0;0;0;0;0;0;0;0;0;0;0;1;0;0;0;0;0;0;1;1;0;0;0;1;0;0;1;100;960;0;1
1;0;44.33;0;0;0;1;0;0;1;0;0;0;0;0;0;0;1;0;0;0;0;0;0;0;0;0;0;0;0;0;0;1;2.5;0;1;1;0;0;0;1;0;0;1;0;0;0;1
0;1;20.25;9.96;0;0;1;0;0;1;0;0;0;1;0;0;0;0;0;0;0;0;0;0;0;1;0;0;0;0;0;0;0;0;0;1;1;0;0;0;1;0;0;1;0;0;0;1
0;1;22.67;2.54;0;1;0;0;1;0;0;0;0;0;0;0;0;1;0;0;0;0;0;0;0;0;0;0;0;0;0;1;0;2.585;0;1;1;0;0;0;1;0;0;1;0;0;0;1
1;0;60.92;5;0;0;1;0;0;1;0;0;1;0;0;0;0;0;0;0;0;0;0;0;0;0;0;0;0;0;0;0;1;4;0;1;0;1;4;0;1;0;0;1;0;99;0;1
0;1;16.08;0.75;0;0;1;0;0;1;0;0;0;0;0;0;0;1;0;0;0;0;0;0;0;0;0;0;0;0;0;0;1;1.75;0;1;0;1;5;1;0;0;0;1;352;690;0;1
1;0;28.17;0.375;0;0;1;0;0;1;0;0;0;0;0;0;0;0;0;0;0;0;1;0;0;0;0;0;0;0;0;0;1;0.585;0;1;0;1;4;0;1;0;0;1;80;0;0;1
0;1;39.17;1.71;0;0;1;0;0;1;0;0;0;0;0;1;0;0;0;0;0;0;0;0;0;0;0;0;0;0;0;0;1;0.125;0;1;0;1;5;1;0;0;0;1;480;0;0;1
1;0;30;5.29;0;0;1;0;0;1;0;0;0;1;0;0;0;0;0;0;0;0;0;0;0;1;0;0;0;0;0;0;0;2.25;0;1;0;1;5;1;0;0;0;1;99;500;0;1
0;1;22.83;3;0;0;1;0;0;1;0;0;0;0;0;0;0;0;0;0;0;1;0;0;0;0;0;0;0;0;0;0;1;1.29;0;1;0;1;1;0;1;0;0;1;260;800;0;1
1;0;22.5;8.5;0;0;1;0;0;1;0;0;0;0;0;0;0;0;0;0;0;0;1;0;0;0;0;0;0;0;0;0;1;1.75;0;1;0;1;10;0;1;0;0;1;80;990;1;0
1;0;28.58;1.665;0;0;1;0;0;1;0;0;0;0;0;0;0;0;0;0;0;0;1;0;0;0;0;0;0;0;0;0;1;2.415;0;1;1;0;0;1;0;0;0;1;440;0;1;0
0;1;45.17;1.5;0;0;1;0;0;1;0;0;0;0;0;0;0;1;0;0;0;0;0;0;0;0;0;0;0;0;0;0;1;2.5;0;1;1;0;0;1;0;0;0;1;140;0;1;0
0;1;41.58;1.75;0;0;1;0;0;1;0;0;0;0;0;0;0;0;1;0;0;0;0;0;0;0;0;0;0;0;0;0;1;0.21;0;1;1;0;0;0;1;0;0;1;160;0;1;0
1;0;57.08;0.335;0;0;1;0;0;1;0;0;0;0;1;0;0;0;0;0;0;0;0;0;0;0;0;0;0;0;1;0;0;1;0;1;1;0;0;1;0;0;0;1;252;2197;1;0
1;0;55.75;7.08;0;0;1;0;0;1;0;0;0;0;0;0;0;0;1;0;0;0;0;0;0;0;0;0;0;0;0;1;0;6.75;0;1;0;1;3;1;0;0;0;1;100;50;1;0
0;1;43.25;25.21;0;0;1;0;0;1;0;0;0;0;0;0;0;0;0;0;0;0;1;0;0;0;0;0;0;0;0;1;0;0.21;0;1;0;1;1;0;1;0;0;1;760;90;1;0
1;0;25.33;2.085;0;0;1;0;0;1;0;0;0;0;0;0;0;1;0;0;0;0;0;0;0;0;0;0;0;0;0;1;0;2.75;0;1;1;0;0;1;0;0;0;1;360;1;1;0
1;0;24.58;0.67;0;0;1;0;0;1;0;0;1;0;0;0;0;0;0;0;0;0;0;0;0;0;0;0;0;0;0;1;0;1.75;0;1;1;0;0;0;1;0;0;1;400;0;1;0
0;1;43.17;2.25;0;0;1;0;0;1;0;0;0;0;1;0;0;0;0;0;0;0;0;0;0;0;0;0;0;0;1;0;0;0.75;0;1;1;0;0;0;1;0;0;1;560;0;1;0
0;1;40.92;0.835;0;0;1;0;0;1;0;1;0;0;0;0;0;0;0;0;0;0;0;0;0;0;0;0;0;1;0;0;0;0;0;1;1;0;0;0;1;0;0;1;130;1;1;0
0;1;31.83;2.5;0;0;1;0;0;1;0;0;1;0;0;0;0;0;0;0;0;0;0;0;0;0;0;0;0;0;0;0;1;7.5;0;1;1;0;0;1;0;0;0;1;523;0;1;0
1;0;33.92;1.585;0;1;0;0;1;0;0;1;0;0;0;0;0;0;0;0;0;0;0;0;0;0;0;0;0;1;0;0;0;0;0;1;1;0;0;0;1;0;0;1;320;0;1;0
1;0;24.92;1.25;0;0;1;0;0;1;0;1;0;0;0;0;0;0;0;0;0;0;0;0;0;0;0;0;0;1;0;0;0;0;0;1;1;0;0;0;1;0;0;1;80;0;1;0
0;1;35.25;3.165;0;0;1;0;0;1;0;0;0;0;0;1;0;0;0;0;0;0;0;0;0;0;0;0;0;0;0;1;0;3.75;0;1;1;0;0;1;0;0;0;1;680;0;1;0
0;1;34.25;1.75;0;0;1;0;0;1;0;0;0;0;0;0;0;0;0;0;0;0;0;1;0;0;0;0;0;0;1;0;0;0.25;0;1;1;0;0;1;0;0;0;1;163;0;1;0
0;1;19.42;1.5;0;1;0;0;1;0;0;0;0;0;0;0;0;0;0;1;0;0;0;0;0;0;0;0;0;0;0;0;1;2;0;1;1;0;0;1;0;0;0;1;100;20;1;0
0;1;42.75;3;0;0;1;0;0;1;0;0;0;0;1;0;0;0;0;0;0;0;0;0;0;0;0;0;0;0;1;0;0;1;0;1;1;0;0;0;1;0;0;1;0;200;1;0
0;1;19.67;10;0;1;0;0;1;0;0;0;0;0;0;0;0;0;1;0;0;0;0;0;0;0;0;0;0;0;0;1;0;0.835;0;1;1;0;0;1;0;0;0;1;140;0;1;0
0;1;36.33;3.79;0;0;1;0;0;1;0;0;0;0;0;0;0;0;0;0;0;0;0;1;0;0;0;0;0;0;0;0;1;1.165;0;1;1;0;0;1;0;0;0;1;200;0;1;0
0;1;30.08;1.04;0;1;0;0;1;0;0;0;0;0;1;0;0;0;0;0;0;0;0;0;0;0;0;0;0;0;1;0;0;0.5;0;1;0;1;10;1;0;0;0;1;132;28;1;0
0;1;44.25;11;0;1;0;0;1;0;0;0;0;0;0;0;1;0;0;0;0;0;0;0;0;0;0;0;0;0;0;0;1;1.5;0;1;1;0;0;0;1;0;1;0;0;0;1;0
0;1;23.58;0.46;0;1;0;0;1;0;0;0;0;0;0;0;0;0;0;0;0;0;0;1;0;0;0;0;0;0;0;0;1;2.625;0;1;0;1;6;1;0;0;0;1;208;347;1;0
0;1;23.92;1.5;0;0;1;0;0;1;0;0;0;0;0;0;1;0;0;0;0;0;0;0;0;0;0;0;0;0;0;1;0;1.875;0;1;0;1;6;0;1;0;0;1;200;327;0;1
0;1;33.17;1;0;0;1;0;0;1;0;0;0;0;0;1;0;0;0;0;0;0;0;0;0;0;0;0;0;0;0;0;1;0.75;0;1;0;1;7;1;0;0;0;1;340;4071;0;1
0;1;48.33;12;0;0;1;0;0;1;0;0;0;0;0;0;0;0;0;0;0;1;0;0;0;0;0;0;0;0;0;0;1;16;0;1;1;0;0;0;1;0;1;0;110;0;0;1
0;1;76.75;22.29;0;0;1;0;0;1;0;0;0;1;0;0;0;0;0;0;0;0;0;0;0;0;0;1;0;0;0;0;0;12.75;0;1;0;1;1;1;0;0;0;1;0;109;0;1
0;1;51.33;10;0;0;1;0;0;1;0;0;0;0;1;0;0;0;0;0;0;0;0;0;0;0;0;0;0;0;1;0;0;0;0;1;0;1;11;0;1;0;0;1;0;1249;0;1
0;1;34.75;15;0;0;1;0;0;1;0;0;0;0;0;0;0;0;0;0;1;0;0;0;1;0;0;0;0;0;0;0;0;5.375;0;1;0;1;9;1;0;0;0;1;0;134;0;1
0;1;38.58;3.335;0;0;1;0;0;1;0;0;0;0;0;0;0;0;0;0;0;0;0;1;0;0;0;0;0;0;0;0;1;4;0;1;0;1;14;0;1;0;0;1;383;1344;0;1
1;0;22.42;11.25;0;1;0;0;1;0;0;0;0;0;0;1;0;0;0;0;0;0;0;0;0;0;0;0;0;0;0;1;0;0.75;0;1;0;1;4;0;1;0;0;1;0;321;0;1
0;1;41.92;0.42;0;0;1;0;0;1;0;0;0;0;0;0;0;1;0;0;0;0;0;0;0;0;0;0;0;0;0;1;0;0.21;0;1;0;1;6;0;1;0;0;1;220;948;0;1
0;1;29.58;4.5;0;0;1;0;0;1;0;0;0;0;0;0;0;0;0;0;0;0;0;1;0;0;0;0;0;0;0;0;1;7.5;0;1;0;1;2;1;0;0;0;1;330;0;0;1
1;0;32.17;1.46;0;0;1;0;0;1;0;0;0;0;0;0;0;0;0;0;0;0;0;1;0;0;0;0;0;0;0;0;1;1.085;0;1;0;1;16;0;1;0;0;1;120;2079;0;1
0;1;51.42;0.04;0;0;1;0;0;1;0;0;0;0;0;1;0;0;0;0;0;0;0;0;0;0;0;0;0;0;0;1;0;0.04;0;1;1;0;0;0;1;0;0;1;0;3000;0;1
1;0;22.83;2.29;0;0;1;0;0;1;0;0;0;0;0;0;0;0;0;0;0;0;1;0;0;0;0;0;0;0;0;1;0;2.29;0;1;0;1;7;1;0;0;0;1;140;2384;0;1
1;0;25;12.33;0;0;1;0;0;1;0;0;0;0;0;0;0;0;0;1;0;0;0;0;0;0;0;0;0;0;0;1;0;3.5;0;1;0;1;6;0;1;0;0;1;400;458;0;1
0;1;26.75;1.125;0;0;1;0;0;1;0;0;0;0;0;1;0;0;0;0;0;0;0;0;0;0;0;0;0;0;0;1;0;1.25;0;1;1;0;0;0;1;0;0;1;0;5298;0;1
0;1;23.33;1.5;0;0;1;0;0;1;0;0;0;0;0;0;0;1;0;0;0;0;0;0;0;0;0;0;0;0;0;1;0;1.415;0;1;1;0;0;0;1;0;0;1;422;200;0;1
0;1;24.42;12.335;0;0;1;0;0;1;0;0;0;0;0;0;0;0;0;0;0;0;1;0;0;0;0;0;0;0;0;1;0;1.585;0;1;1;0;0;1;0;0;0;1;120;0;0;1
0;1;42.17;5.04;0;0;1;0;0;1;0;0;0;0;0;0;0;0;0;0;0;0;1;0;0;0;0;0;0;0;0;1;0;12.75;0;1;1;0;0;1;0;0;0;1;92;0;0;1
1;0;20.83;3;0;0;1;0;0;1;0;0;1;0;0;0;0;0;0;0;0;0;0;0;0;0;0;0;0;0;0;0;1;0.04;0;1;1;0;0;0;1;0;0;1;100;0;0;1
0;1;23.08;11.5;0;0;1;0;0;1;0;0;0;0;0;0;0;0;0;0;0;0;0;1;0;0;0;0;0;0;0;1;0;2.125;0;1;0;1;11;1;0;0;0;1;290;284;0;1
1;0;25.17;2.875;0;0;1;0;0;1;0;0;0;0;0;1;0;0;0;0;0;0;0;0;0;0;0;0;0;0;0;1;0;0.875;0;1;1;0;0;0;1;0;0;1;360;0;0;1
0;1;43.08;0.375;0;1;0;0;1;0;0;0;0;0;0;0;0;1;0;0;0;0;0;0;0;0;0;0;0;0;0;0;1;0.375;0;1;0;1;8;1;0;0;0;1;300;162;0;1
1;0;35.75;0.915;0;0;1;0;0;1;0;0;1;0;0;0;0;0;0;0;0;0;0;0;0;0;0;0;0;0;0;0;1;0.75;0;1;0;1;4;0;1;0;0;1;0;1583;0;1
0;1;59.5;2.75;0;0;1;0;0;1;0;0;0;0;0;0;0;0;0;0;0;0;0;1;0;0;0;0;0;0;0;0;1;1.75;0;1;0;1;5;1;0;0;0;1;60;58;0;1
0;1;21;3;0;1;0;0;1;0;0;0;0;0;0;0;1;0;0;0;0;0;0;0;0;0;0;0;0;0;0;0;1;1.085;0;1;0;1;8;1;0;0;0;1;160;1;0;1
0;1;21.92;0.54;0;1;0;0;1;0;0;0;0;0;0;1;0;0;0;0;0;0;0;0;0;0;0;0;0;0;0;0;1;0.04;0;1;0;1;1;1;0;0;0;1;840;59;0;1
1;0;65.17;14;0;0;1;0;0;1;0;1;0;0;0;0;0;0;0;0;0;0;0;0;0;0;0;0;0;1;0;0;0;0;0;1;0;1;11;1;0;0;0;1;0;1400;0;1
1;0;20.33;10;0;0;1;0;0;1;0;0;0;0;0;0;0;1;0;0;0;0;0;0;0;0;0;0;0;0;0;1;0;1;0;1;0;1;4;0;1;0;0;1;50;1465;0;1
0;1;32.25;0.165;0;1;0;0;1;0;0;0;0;0;0;0;0;1;0;0;0;0;0;0;0;0;0;0;0;0;0;1;0;3.25;0;1;0;1;1;1;0;0;0;1;432;8000;0;1
0;1;30.17;0.5;0;0;1;0;0;1;0;0;0;0;0;0;0;1;0;0;0;0;0;0;0;0;0;0;0;0;0;0;1;1.75;0;1;0;1;11;0;1;0;0;1;32;540;0;1
0;1;25.17;6;0;0;1;0;0;1;0;0;0;0;0;0;0;1;0;0;0;0;0;0;0;0;0;0;0;0;0;0;1;1;0;1;0;1;3;0;1;0;0;1;0;0;0;1
0;1;39.17;1.625;0;0;1;0;0;1;0;0;0;0;0;0;0;1;0;0;0;0;0;0;0;0;0;0;0;0;0;0;1;1.5;0;1;0;1;10;0;1;0;0;1;186;4700;0;1
0;1;39.08;6;0;0;1;0;0;1;0;0;0;0;0;0;0;0;0;0;0;1;0;0;0;0;0;0;0;0;0;0;1;1.29;0;1;0;1;5;1;0;0;0;1;108;1097;0;1
0;1;31.67;0.83;0;0;1;0;0;1;0;0;0;0;0;1;0;0;0;0;0;0;0;0;0;0;0;0;0;0;0;0;1;1.335;0;1;0;1;8;1;0;0;0;1;303;3290;0;1
0;1;41;0.04;0;0;1;0;0;1;0;0;0;1;0;0;0;0;0;0;0;0;0;0;0;0;0;0;0;0;0;0;1;0.04;1;0;0;1;1;0;1;0;1;0;560;0;0;1
0;1;48.5;4.25;0;0;1;0;0;1;0;0;0;0;0;0;0;0;0;0;0;1;0;0;0;0;0;0;0;0;0;0;1;0.125;0;1;1;0;0;1;0;0;0;1;225;0;0;1
0;1;32.67;9;0;1;0;0;1;0;0;0;0;0;0;0;0;0;0;0;0;0;0;1;0;0;0;0;0;0;0;1;0;5.25;0;1;1;0;0;1;0;0;0;1;154;0;0;1
1;0;28.08;15;0;1;0;0;1;0;0;0;0;1;0;0;0;0;0;0;0;0;0;0;0;0;0;1;0;0;0;0;0;0;0;1;1;0;0;0;1;0;0;1;0;13212;0;1
0;1;73.42;17.75;0;0;1;0;0;1;0;1;0;0;0;0;0;0;0;0;0;0;0;0;0;0;0;0;0;1;0;0;0;0;0;1;1;0;0;1;0;0;0;1;0;0;0;1
0;1;64.08;20;0;0;1;0;0;1;0;0;0;0;0;1;0;0;0;0;0;0;0;0;0;0;0;0;0;0;0;1;0;17.5;0;1;0;1;9;1;0;0;0;1;0;1000;0;1
0;1;51.58;15;0;0;1;0;0;1;0;0;0;0;0;0;0;1;0;0;0;0;0;0;0;0;0;0;0;0;0;0;1;8.5;0;1;0;1;9;0;1;0;0;1;0;0;0;1
0;1;26.67;1.75;0;1;0;0;1;0;0;0;0;0;0;0;0;1;0;0;0;0;0;0;0;0;0;0;0;0;0;0;1;1;0;1;0;1;5;1;0;0;0;1;160;5777;0;1
0;1;25.33;0.58;0;0;1;0;0;1;0;0;0;0;0;0;0;1;0;0;0;0;0;0;0;0;0;0;0;0;0;0;1;0.29;0;1;0;1;7;1;0;0;0;1;96;5124;0;1
0;1;30.17;6.5;0;0;1;0;0;1;0;0;0;0;0;0;0;0;0;1;0;0;0;0;0;0;0;0;0;0;0;0;1;3.125;0;1;0;1;8;0;1;0;0;1;330;1200;0;1
0;1;27;0.75;0;0;1;0;0;1;0;0;0;0;0;0;0;1;0;0;0;0;0;0;0;0;0;0;0;0;0;1;0;4.25;0;1;0;1;3;1;0;0;0;1;312;150;0;1
0;1;34.17;5.25;0;0;1;0;0;1;0;0;0;0;0;0;0;0;0;0;0;0;0;1;0;0;0;0;0;0;0;0;1;0.085;1;0;1;0;0;1;0;0;0;1;290;6;0;1
0;1;38.67;0.21;0;0;1;0;0;1;0;0;0;0;0;0;0;0;1;0;0;0;0;0;0;0;0;0;0;0;0;0;1;0.085;0;1;1;0;0;1;0;0;0;1;280;0;0;1
0;1;25.75;0.75;0;0;1;0;0;1;0;0;0;0;0;0;0;1;0;0;0;0;0;0;0;0;0;0;0;0;1;0;0;0.25;0;1;1;0;0;0;1;0;0;1;349;23;0;1
1;0;46.08;3;0;0;1;0;0;1;0;0;0;0;0;0;0;1;0;0;0;0;0;0;0;0;0;0;0;0;0;0;1;2.375;0;1;0;1;8;1;0;0;0;1;396;4159;0;1
1;0;21.5;6;0;0;1;0;0;1;0;0;1;0;0;0;0;0;0;0;0;0;0;0;0;0;0;0;0;0;0;0;1;2.5;0;1;0;1;3;0;1;0;0;1;80;918;0;1
0;1;20.5;2.415;0;0;1;0;0;1;0;0;0;0;0;0;0;1;0;0;0;0;0;0;0;0;0;0;0;0;0;0;1;2;0;1;0;1;11;1;0;0;0;1;200;3000;0;1
1;0;29.5;0.46;0;0;1;0;0;1;0;0;0;0;0;0;0;0;1;0;0;0;0;0;0;0;0;0;0;0;0;0;1;0.54;0;1;0;1;4;0;1;0;0;1;380;500;0;1
0;1;29.83;1.25;0;1;0;0;1;0;0;0;0;0;0;0;0;0;1;0;0;0;0;0;0;0;0;0;0;0;0;0;1;0.25;1;0;1;0;0;0;1;0;0;1;224;0;1;0
0;1;20.08;0.25;0;0;1;0;0;1;0;0;0;0;0;0;0;0;0;0;0;0;1;0;0;0;0;0;0;0;0;0;1;0.125;1;0;1;0;0;0;1;0;0;1;200;0;1;0
0;1;23.42;0.585;0;0;1;0;0;1;0;0;0;0;0;0;0;1;0;0;0;0;0;0;0;0;0;0;0;0;0;1;0;0.085;0;1;1;0;0;0;1;0;0;1;180;0;1;0
1;0;29.58;1.75;0;1;0;0;1;0;0;0;0;0;0;0;0;0;1;0;0;0;0;0;0;0;0;0;0;0;0;0;1;1.25;1;0;1;0;0;1;0;0;0;1;280;0;1;0
0;1;16.17;0.04;0;0;1;0;0;1;0;0;0;0;0;0;0;1;0;0;0;0;0;0;0;0;0;0;0;0;0;0;1;0.04;1;0;1;0;0;0;1;0;0;1;0;0;0;1
0;1;32.33;3.5;0;0;1;0;0;1;0;0;0;0;0;0;0;0;1;0;0;0;0;0;0;0;0;0;0;0;0;0;1;0.5;1;0;1;0;0;1;0;0;0;1;232;0;1;0
0;1;47.83;4.165;0;0;1;0;0;1;0;0;0;0;0;1;0;0;0;0;0;0;0;0;0;0;0;0;0;0;1;0;0;0.085;1;0;1;0;0;1;0;0;0;1;520;0;1;0
0;1;20;1.25;0;1;0;0;1;0;0;0;0;0;0;0;0;0;1;0;0;0;0;0;0;0;0;0;0;0;0;0;1;0.125;1;0;1;0;0;0;1;0;0;1;140;4;1;0
0;1;27.58;3.25;0;1;0;0;1;0;0;0;0;0;0;0;0;0;0;0;0;0;1;0;0;0;0;0;0;0;0;1;0;5.085;1;0;0;1;2;1;0;0;0;1;369;1;1;0
0;1;22;0.79;0;0;1;0;0;1;0;0;0;0;0;0;0;0;0;0;0;0;0;1;0;0;0;0;0;0;0;0;1;0.29;1;0;0;1;1;0;1;0;0;1;420;283;1;0
0;1;19.33;10.915;0;0;1;0;0;1;0;0;0;0;0;0;0;1;0;0;0;0;0;0;0;0;0;0;0;0;1;0;0;0.585;1;0;0;1;2;1;0;0;0;1;200;7;1;0
1;0;38.33;4.415;0;0;1;0;0;1;0;0;0;0;0;0;0;1;0;0;0;0;0;0;0;0;0;0;0;0;0;0;1;0.125;1;0;1;0;0;0;1;0;0;1;160;0;1;0
0;1;29.42;1.25;0;0;1;0;0;1;0;0;0;0;0;0;0;1;0;0;0;0;0;0;0;0;0;0;0;0;0;1;0;0.25;1;0;0;1;2;1;0;0;0;1;400;108;1;0
0;1;22.67;0.75;0;0;1;0;0;1;0;0;0;0;1;0;0;0;0;0;0;0;0;0;0;0;0;0;0;0;0;0;1;1.585;1;0;0;1;1;1;0;0;0;1;400;9;1;0
0;1;32.25;14;0;1;0;0;1;0;0;1;0;0;0;0;0;0;0;0;0;0;0;0;0;0;0;0;0;1;0;0;0;0;1;0;0;1;2;0;1;0;0;1;160;1;1;0
0;1;29.58;4.75;0;0;1;0;0;1;0;0;0;0;0;0;0;0;0;0;0;1;0;0;0;0;0;0;0;0;0;0;1;2;1;0;0;1;1;1;0;0;0;1;460;68;1;0
0;1;18.42;10.415;0;1;0;0;1;0;0;0;1;0;0;0;0;0;0;0;0;0;0;0;0;0;0;0;0;0;0;0;1;0.125;0;1;1;0;0;0;1;0;0;1;120;375;1;0
0;1;22.17;2.25;0;0;1;0;0;1;0;0;0;0;1;0;0;0;0;0;0;0;0;0;0;0;0;0;0;0;0;0;1;0.125;1;0;1;0;0;0;1;0;0;1;160;10;1;0
0;1;22.67;0.165;0;0;1;0;0;1;0;0;0;0;0;0;0;1;0;0;0;0;0;0;0;0;0;0;1;0;0;0;0;2.25;1;0;1;0;0;1;0;0;1;0;0;0;0;1
0;1;18.83;0;0;0;1;0;0;1;0;0;0;0;0;0;0;0;0;0;0;0;1;0;0;0;0;0;0;0;0;0;1;0.665;1;0;1;0;0;0;1;0;0;1;160;1;1;0
0;1;21.58;0.79;0;1;0;0;1;0;0;0;0;0;0;0;0;0;0;1;0;0;0;0;0;0;0;0;0;0;0;0;1;0.665;1;0;1;0;0;0;1;0;0;1;160;0;1;0
0;1;23.75;12;0;0;1;0;0;1;0;0;0;0;0;0;0;1;0;0;0;0;0;0;0;0;0;0;0;0;0;0;1;2.085;1;0;1;0;0;0;1;0;1;0;80;0;1;0
0;1;36.08;2.54;0;0;1;0;0;1;0;1;0;0;0;0;0;0;0;0;0;0;0;0;0;0;0;0;0;1;0;0;0;0;1;0;1;0;0;0;1;0;0;1;0;1000;1;0
0;1;29.25;13;0;0;1;0;0;1;0;0;0;0;0;0;1;0;0;0;0;0;0;0;0;0;0;0;0;0;0;1;0;0.5;1;0;1;0;0;0;1;0;0;1;228;0;1;0
1;0;19.58;0.665;0;0;1;0;0;1;0;0;0;0;0;0;0;0;0;0;0;0;0;1;0;0;0;0;0;0;0;0;1;1.665;1;0;1;0;0;0;1;0;0;1;220;5;1;0
1;0;22.92;1.25;0;0;1;0;0;1;0;0;0;0;0;0;0;0;0;0;0;0;1;0;0;0;0;0;0;0;0;0;1;0.25;1;0;1;0;0;1;0;0;0;1;120;809;1;0
1;0;27.25;0.29;0;0;1;0;0;1;0;0;0;0;0;0;0;0;0;0;0;1;0;0;0;0;0;0;0;0;0;1;0;0.125;1;0;0;1;1;1;0;0;0;1;272;108;1;0
1;0;38.75;1.5;0;0;1;0;0;1;0;1;0;0;0;0;0;0;0;0;0;0;0;0;0;0;0;0;0;1;0;0;0;0;1;0;1;0;0;0;1;0;0;1;76;0;1;0
0;1;32.42;2.165;0;1;0;0;1;0;0;0;0;0;0;0;0;0;1;0;0;0;0;0;0;0;0;0;0;1;0;0;0;0;1;0;1;0;0;0;1;0;0;1;120;0;1;0
1;0;23.75;0.71;0;0;1;0;0;1;0;0;0;0;0;0;0;0;0;0;0;0;0;1;0;0;0;0;0;0;0;0;1;0.25;1;0;0;1;1;1;0;0;0;1;240;4;1;0
0;1;18.17;2.46;0;0;1;0;0;1;0;0;0;0;0;0;0;1;0;0;0;0;0;0;1;0;0;0;0;0;0;0;0;0.96;1;0;0;1;2;1;0;0;0;1;160;587;1;0
0;1;40.92;0.5;0;1;0;0;1;0;0;0;0;0;0;0;0;0;0;0;0;1;0;0;0;0;0;0;0;0;0;0;1;0.5;1;0;1;0;0;1;0;0;0;1;130;0;1;0
0;1;19.5;9.585;0;0;1;0;0;1;0;0;1;0;0;0;0;0;0;0;0;0;0;0;0;0;0;0;0;0;0;0;1;0.79;1;0;1;0;0;0;1;0;0;1;80;350;1;0
0;1;28.58;3.625;0;0;1;0;0;1;0;0;1;0;0;0;0;0;0;0;0;0;0;0;0;0;0;0;0;0;0;0;1;0.25;1;0;1;0;0;1;0;0;0;1;100;0;1;0
0;1;35.58;0.75;0;0;1;0;0;1;0;0;0;0;0;0;0;0;1;0;0;0;0;0;0;0;0;0;0;0;0;0;1;1.5;1;0;1;0;0;1;0;0;0;1;231;0;1;0
0;1;34.17;2.75;0;0;1;0;0;1;0;0;0;0;1;0;0;0;0;0;0;0;0;0;0;0;0;0;0;0;1;0;0;2.5;1;0;1;0;0;1;0;0;0;1;232;200;1;0
0;1;31.58;0.75;0;1;0;0;1;0;0;0;1;0;0;0;0;0;0;0;0;0;0;0;0;0;0;0;0;0;0;0;1;3.5;1;0;1;0;0;1;0;0;0;1;320;0;1;0
1;0;52.5;7;0;0;1;0;0;1;0;0;1;0;0;0;0;0;0;0;0;0;0;0;0;0;0;0;0;0;0;1;0;3;1;0;1;0;0;0;1;0;0;1;0;0;1;0
0;1;36.17;0.42;0;1;0;0;1;0;0;0;0;0;0;0;0;0;0;0;0;0;0;1;0;0;0;0;0;0;0;0;1;0.29;1;0;1;0;0;1;0;0;0;1;309;2;1;0
0;1;37.33;2.665;0;0;1;0;0;1;0;0;0;0;0;0;0;0;0;1;0;0;0;0;0;0;0;0;0;0;0;0;1;0.165;1;0;1;0;0;1;0;0;0;1;0;501;1;0
1;0;20.83;8.5;0;0;1;0;0;1;0;0;0;0;0;0;0;1;0;0;0;0;0;0;0;0;0;0;0;0;0;0;1;0.165;1;0;1;0;0;0;1;0;0;1;0;351;1;0
0;1;24.08;9;0;0;1;0;0;1;0;0;1;0;0;0;0;0;0;0;0;0;0;0;0;0;0;0;0;0;0;0;1;0.25;1;0;1;0;0;1;0;0;0;1;0;0;1;0
0;1;25.58;0.335;0;0;1;0;0;1;0;0;0;0;0;0;0;0;1;0;0;0;0;0;0;0;0;0;0;0;0;1;0;3.5;1;0;1;0;0;1;0;0;0;1;340;0;1;0
1;0;35.17;3.75;0;0;1;0;0;1;0;1;0;0;0;0;0;0;0;0;0;0;0;0;0;0;0;0;0;1;0;0;0;0;1;0;0;1;6;0;1;0;0;1;0;200;1;0
0;1;48.08;3.75;0;0;1;0;0;1;0;0;0;0;1;0;0;0;0;0;0;0;0;0;0;0;0;0;0;0;1;0;0;1;1;0;1;0;0;0;1;0;0;1;100;2;1;0
1;0;15.83;7.625;0;0;1;0;0;1;0;0;0;0;0;0;0;0;0;0;0;0;1;0;0;0;0;0;0;0;0;0;1;0.125;1;0;0;1;1;1;0;0;0;1;0;160;1;0
1;0;22.5;0.415;0;0;1;0;0;1;0;0;0;0;1;0;0;0;0;0;0;0;0;0;0;0;0;0;0;0;0;0;1;0.335;1;0;1;0;0;1;0;0;1;0;144;0;1;0
0;1;21.5;11.5;0;0;1;0;0;1;0;0;0;0;1;0;0;0;0;0;0;0;0;0;0;0;0;0;0;0;0;0;1;0.5;0;1;1;0;0;1;0;0;0;1;100;68;1;0
1;0;23.58;0.83;0;0;1;0;0;1;0;0;0;0;0;0;0;0;0;0;0;0;1;0;0;0;0;0;0;0;0;0;1;0.415;1;0;0;1;1;1;0;0;0;1;200;11;1;0
1;0;21.08;5;0;1;0;0;1;0;0;1;0;0;0;0;0;0;0;0;0;0;0;0;0;0;0;0;0;1;0;0;0;0;1;0;1;0;0;0;1;0;0;1;0;0;1;0
0;1;25.67;3.25;0;0;1;0;0;1;0;0;0;0;0;0;0;1;0;0;0;0;0;0;0;0;0;0;0;0;0;1;0;2.29;1;0;0;1;1;1;0;0;0;1;416;21;1;0
1;0;38.92;1.665;0;0;1;0;0;1;0;0;1;0;0;0;0;0;0;0;0;0;0;0;0;0;0;0;0;0;0;0;1;0.25;1;0;1;0;0;0;1;0;0;1;0;390;1;0
1;0;15.75;0.375;0;0;1;0;0;1;0;0;0;0;0;0;0;1;0;0;0;0;0;0;0;0;0;0;0;0;0;0;1;1;1;0;1;0;0;0;1;0;0;1;120;18;1;0
1;0;28.58;3.75;0;0;1;0;0;1;0;0;0;0;0;0;0;1;0;0;0;0;0;0;0;0;0;0;0;0;0;0;1;0.25;1;0;0;1;1;1;0;0;0;1;40;154;1;0
0;1;22.25;9;0;0;1;0;0;1;0;0;1;0;0;0;0;0;0;0;0;0;0;0;0;0;0;0;0;0;0;0;1;0.085;1;0;1;0;0;0;1;0;0;1;0;0;1;0
0;1;29.83;3.5;0;0;1;0;0;1;0;0;0;0;0;0;0;1;0;0;0;0;0;0;0;0;0;0;0;0;0;0;1;0.165;1;0;1;0;0;0;1;0;0;1;216;0;1;0
1;0;23.5;1.5;0;0;1;0;0;1;0;0;0;0;0;0;0;0;0;0;0;0;0;1;0;0;0;0;0;0;0;0;1;0.875;1;0;1;0;0;1;0;0;0;1;160;0;1;0
0;1;32.08;4;0;1;0;0;1;0;0;0;0;0;0;0;0;0;0;1;0;0;0;0;0;0;0;0;0;0;0;0;1;1.5;1;0;1;0;0;1;0;0;0;1;120;0;1;0
0;1;31.08;1.5;0;1;0;0;1;0;0;0;0;0;0;0;0;0;0;0;0;0;0;1;0;0;0;0;0;0;0;0;1;0.04;1;0;1;0;0;0;1;0;1;0;160;0;1;0
0;1;31.83;0.04;0;1;0;0;1;0;0;0;0;0;0;0;0;0;0;0;0;1;0;0;0;0;0;0;0;0;0;0;1;0.04;1;0;1;0;0;0;1;0;0;1;0;0;1;0
1;0;21.75;11.75;0;0;1;0;0;1;0;0;0;0;0;0;0;1;0;0;0;0;0;0;0;0;0;0;0;0;0;0;1;0.25;1;0;1;0;0;1;0;0;0;1;180;0;1;0
1;0;17.92;0.54;0;0;1;0;0;1;0;0;0;0;0;0;0;1;0;0;0;0;0;0;0;0;0;0;0;0;0;0;1;1.75;1;0;0;1;1;1;0;0;0;1;80;5;1;0
0;1;30.33;0.5;0;0;1;0;0;1;0;0;0;0;0;0;1;0;0;0;0;0;0;0;0;0;0;0;0;0;0;1;0;0.085;1;0;1;0;0;1;0;0;1;0;252;0;1;0
0;1;51.83;2.04;0;1;0;0;1;0;0;1;0;0;0;0;0;0;0;0;0;0;0;0;0;0;0;0;0;1;0;0;0;1.5;1;0;1;0;0;0;1;0;0;1;120;1;1;0
0;1;47.17;5.835;0;0;1;0;0;1;0;0;0;0;0;0;0;0;0;0;0;0;0;1;0;0;0;0;0;0;0;0;1;5.5;1;0;1;0;0;0;1;0;0;1;465;150;1;0
0;1;25.83;12.835;0;0;1;0;0;1;0;0;0;0;0;0;0;0;0;1;0;0;0;0;0;0;0;0;0;0;0;0;1;0.5;1;0;1;0;0;0;1;0;0;1;0;2;1;0
1;0;50.25;0.835;0;0;1;0;0;1;0;0;1;0;0;0;0;0;0;0;0;0;0;0;0;0;0;0;0;0;0;0;1;0.5;1;0;1;0;0;1;0;0;0;1;240;117;1;0
1;0;37.33;2.5;0;0;1;0;0;1;0;0;0;0;1;0;0;0;0;0;0;0;0;0;0;0;0;0;0;0;0;1;0;0.21;1;0;1;0;0;0;1;0;0;1;260;246;1;0
1;0;41.58;1.04;0;0;1;0;0;1;0;0;1;0;0;0;0;0;0;0;0;0;0;0;0;0;0;0;0;0;0;0;1;0.665;1;0;1;0;0;0;1;0;0;1;240;237;1;0
1;0;30.58;10.665;0;0;1;0;0;1;0;0;0;0;0;0;0;0;0;0;0;0;1;0;0;0;0;0;0;0;0;1;0;0.085;1;0;0;1;12;1;0;0;0;1;129;3;1;0
0;1;19.42;7.25;0;0;1;0;0;1;0;0;0;0;0;0;0;0;0;0;0;1;0;0;0;0;0;0;0;0;0;0;1;0.04;1;0;0;1;1;0;1;0;0;1;100;1;1;0
1;0;17.92;10.21;0;0;1;0;0;1;0;1;0;0;0;0;0;0;0;0;0;0;0;0;0;0;0;0;0;1;0;0;0;0;1;0;1;0;0;0;1;0;0;1;0;50;1;0
1;0;20.08;1.25;0;0;1;0;0;1;0;0;0;0;0;0;0;1;0;0;0;0;0;0;0;0;0;0;0;0;0;0;1;0;1;0;1;0;0;0;1;0;0;1;0;0;1;0
0;1;19.5;0.29;0;0;1;0;0;1;0;0;0;0;0;0;0;0;1;0;0;0;0;0;0;0;0;0;0;0;0;0;1;0.29;1;0;1;0;0;0;1;0;0;1;280;364;1;0
0;1;27.83;1;0;1;0;0;1;0;0;0;0;0;0;0;1;0;0;0;0;0;0;0;0;0;0;0;0;0;0;1;0;3;1;0;1;0;0;0;1;0;0;1;176;537;1;0
0;1;17.08;3.29;0;0;1;0;0;1;0;0;0;0;1;0;0;0;0;0;0;0;0;0;0;0;0;0;0;0;0;0;1;0.335;1;0;1;0;0;1;0;0;0;1;140;2;1;0
0;1;36.42;0.75;0;1;0;0;1;0;0;0;0;0;0;0;1;0;0;0;0;0;0;0;0;0;0;0;0;0;0;0;1;0.585;1;0;1;0;0;0;1;0;0;1;240;3;1;0
0;1;40.58;3.29;0;0;1;0;0;1;0;0;0;0;0;0;0;0;0;0;0;1;0;0;0;0;0;0;0;0;0;0;1;3.5;1;0;1;0;0;1;0;0;1;0;400;0;1;0
0;1;21.08;10.085;0;1;0;0;1;0;0;0;0;1;0;0;0;0;0;0;0;0;0;0;0;0;0;0;0;0;0;1;0;1.25;1;0;1;0;0;0;1;0;0;1;260;0;1;0
1;0;22.67;0.75;0;0;1;0;0;1;0;0;0;0;0;0;0;1;0;0;0;0;0;0;0;0;0;0;0;0;0;0;1;2;1;0;0;1;2;1;0;0;0;1;200;394;1;0
1;0;25.25;13.5;0;1;0;0;1;0;0;1;0;0;0;0;0;0;0;0;0;0;0;0;0;0;0;0;0;1;0;0;0;2;1;0;0;1;1;1;0;0;0;1;200;1;1;0
0;1;17.92;0.205;0;0;1;0;0;1;0;0;1;0;0;0;0;0;0;0;0;0;0;0;0;0;0;0;0;0;0;0;1;0.04;1;0;1;0;0;0;1;0;0;1;280;750;1;0
0;1;35;3.375;0;0;1;0;0;1;0;0;0;0;0;0;0;1;0;0;0;0;0;0;0;0;0;0;0;0;0;1;0;8.29;1;0;1;0;0;1;0;0;0;1;0;0;1;0
